user,item,rating
user001,Cơm Gà Hải Nam - Hậu Giang,5.0
user002,"Thiên Ân Quán - Cơm, Bún Riêu & Bún Mắm",7.0
user003,Trà Sữa Wozzi,2.6
user004,Gà Nướng Anh Tư,7.6
user005,Nhà Bún Đậu - Bún Đậu Mắm Tôm Hà Nội - Song Hành,10.0
user006,Phá Lấu Rubi - Nguyễn Hồng Đào,2.8
user007,Quán Thảo Hiền - Đặc Sản Miền Trung,7.0
user008,Texas Chicken - Nguyễn Thái Học,4.4
user009,Phi Phi Quán - Cơm Gà Xối Mỡ,8.6
user010,Nhà Bún Đậu - Bún Đậu Mắm Tôm Hà Nội - Song Hành,9.0
user011,Cơm Tấm Tú Mập - Đồng Đen,8.8
user012,Súp Cua Nhà Thờ Đức Bà,6.6
user013,Gà Rán Popeyes - Tùng Thiện Vương,7.6
user013,Gà Rán Popeyes - Điện Biên Phủ,7.6
user013,Phở 24 - Nguyễn Tri Phương,7.6
user013,Pizza Hut - Hậu Giang,7.6
user014,Pad Thái Tôm - Món Thái Ngon - Shop Online,9.4
user015,Fruit Crush - Trái Cây Tươi & Ăn Vặt - Quận 1,10.0
user016,Trà Sữa Tiên Hưởng Gotcha - Huỳnh Mẫn Đạt,8.9
user017,Chị Hà - Bánh Tráng Trộn & Bánh Mì Nướng Muối Ớt,5.0
user018,TOUS les JOURS - Nguyễn Thị Minh Khai,3.8
user019,Trà Sữa Tiên Hưởng Gotcha - Huỳnh Mẫn Đạt,9.4
user020,Gà Rán KFC - Central Plaza,7.6
user021,KOI Thé - Phan Xích Long,8.2
user022,Chè HongKong - 港式糖水 - Phan Phú Tiên,5.0
user022,Phở 24 - Nguyễn Tri Phương,9.8
user022,Xôi Gà Bà Chiểu,4.4
user023,Bonchon Chicken - Aeon Tân Phú,5.8
user024,Huyền - Bún Nước & Mì Cay Muối Ớt,1.0
user025,Kebaby - Doner Kebab,10.0
user026,Gong Cha - Trà & Cà Phê - Hồ Tùng Mậu,6.4
user026,KOI Thé - Phan Xích Long,6.866666666666667
user026,Phá Lấu Rubi - Nguyễn Hồng Đào,7.6
user026,Phúc Long Lê Văn Sỹ,6.0
user026,"Thiên Ân Quán - Cơm, Bún Riêu & Bún Mắm",7.6
user026,Tiệm Cô Béo Bún Thái Lan,7.8
user027,Trà Sữa Tiên Hưởng Cotcha - Tản Đà,1.8
user028,Gà Nướng Lu Việt Hương - Lê Quang Định,6.8
user029,Gà Rán KFC - Co.op Mart Nguyễn Ảnh Thủ,2.0
user029,Gà Rán KFC - Co.op Mart Nguyễn Ảnh Thủ - 2 Miếng Gà Xốt Mắm Tỏi,2.0
user029,Gà Rán KFC - Co.op Mart Nguyễn Ảnh Thủ - COMBO 2 NGƯỜI 124K,2.0
user029,Gà Rán KFC - Co.op Mart Nguyễn Ảnh Thủ - COMBO ĐẬM VỊ,2.0
user029,Gà Rán KFC - Co.op Mart Nguyễn Ảnh Thủ - COMBO ĐẬM ĐÀ,2.0
user029,Gà Rán KFC - Co.op Mart Nguyễn Ảnh Thủ - Combo Cơm Trưa Gà Mắm Tỏi,2.0
user029,Gà Rán KFC - Co.op Mart Nguyễn Ảnh Thủ - Combo Cơm Trưa Gà Viên Nanban,2.0
user029,Gà Rán KFC - Co.op Mart Nguyễn Ảnh Thủ - Combo Cơm Trưa Phi-lê Gà Quay,2.0
user029,Gà Rán KFC - Co.op Mart Nguyễn Ảnh Thủ - Combo Trưa Burger Tôm,2.0
user029,Gà Rán KFC - Co.op Mart Nguyễn Ảnh Thủ - Combo Trưa Mì Ý,2.0
user030,Cá Viên Chiên 176 - Trần Thiện Chánh,8.0
user031,Hanuri - Quán Ăn Hàn Quốc - Nguyễn Đình Chiểu,4.2
user032,SOI THÁI - Cống Quỳnh,3.8
user033,"Cơm Gà, Cháo, Miến Gỏi Gà Ta Tường Vy - Lữ Gia",2.6
user034,Fruit Crush - Trái Cây Tươi & Ăn Vặt - Quận 1,6.6
user035,Gà Rán Popeyes - Tùng Thiện Vương,1.0
user036,Cháo Sườn Bé Hiền - Súp Cua & Bún Bò,9.6
user037,Bún Riêu & Canh Bún - Phan Đình Phùng,7.6
user038,Fruit Crush - Trái Cây Tươi & Ăn Vặt - Quận 1,9.4
user039,Trà Sữa Tiên Hưởng Cotcha - Tản Đà,9.2
user040,"Quán 567 - Sinh Tố, Nước Ép, Giải Khát",9.0
user041,Nem Nướng Nha Trang Bé Thảo,10.0
user042,A Tùng - Bánh Mì Bò Nướng Bơ Cambodia - Lê Hồng Phong,8.0
user043,Quán Thúy 94 - Miến Cua,7.4
user044,Chị Mai - Bánh Tráng Trộn & Nước Cam,9.8
user045,Fruit Crush - Trái Cây Tươi & Ăn Vặt - Quận 1,9.4
user046,Quán Chà Bá - Mực Chiên & Bò Viên - Mai Xuân Thưởng,5.0
user047,Jeju Quán - Món Ăn Hàn Quốc,5.0
user048,Nhà Bún Đậu - Bún Đậu Mắm Tôm Hà Nội - Song Hành,9.4
user049,Cơm Gà Xối Mỡ Su Su,3.0
user050,Cheese Coffee - Hồng Bàng,8.2
user051,Nhà Bún Đậu - Bún Đậu Mắm Tôm Hà Nội - Song Hành,4.2
user052,Phở 24 - Nguyễn Tri Phương,7.6
user053,Cơm Tấm Kiều Giang - Trần Quang Khải,9.5
user054,Texas Chicken - Nguyễn Thái Học,9.0
user055,The Pizza Company - Đường D2,3.4
user056,Gong Cha - Trà & Cà Phê - Hồ Tùng Mậu,7.6
user057,The Pizza Company - Đường D2,8.8
user058,Ốc Tô - Xóm Chiếu,7.2
user059,Gà Nướng Lu Việt Hương - Lê Quang Định,5.2
user060,Tiệm Cô Béo Bún Thái Lan,8.4
user061,Pad Thái Tôm - Món Thái Ngon - Shop Online,9.0
user062,KOI Thé - Phan Xích Long,8.0
user063,Tini Tea - Đường Số 42,7.6
user064,Tini Tea - Đường Số 42,8.4
user065,Chè Hà Ký - Châu Văn Liêm,8.0
user066,Quán Thúy 94 - Miến Cua,5.2
user067,Tiệm Cô Béo Bún Thái Lan,8.2
user068,Gà Rán Popeyes - Tùng Thiện Vương,10.0
user069,Quán 79 Nem Nướng,6.4
user070,Cơm Gà Xối Mỡ Su Su,7.2
user071,Buzza Pizza - Nowzone,8.6
user072,Jeju Quán - Món Ăn Hàn Quốc,8.2
user073,The Pizza Company - Đường D2,6.6
user074,Cô Thúy - Hột Vịt Lộn,9.4
user075,Trà Sữa Panda Milktea,5.6
user076,Tiệm Cô Béo Bún Thái Lan,6.2
user077,Huyền - Bún Nước & Mì Cay Muối Ớt,3.0
user078,Phúc Long Lê Văn Sỹ,3.4
user079,Gà Rán Popeyes - Điện Biên Phủ,7.4
user080,Moon Fast Food - Món Hàn - Trường Chinh,3.4
user081,SOI THÁI - Cống Quỳnh,10.0
user082,Pad Thái Tôm - Món Thái Ngon - Shop Online,9.2
user083,Cháo Sườn Bé Hiền - Súp Cua & Bún Bò,6.0
user084,Domino’s Pizza - Hòa Bình,10.0
user085,Nem Nướng Nha Trang Bé Thảo,8.4
user086,Bún Thịt Nướng Anh Ba,4.2
user087,Tiệm Cô Béo Bún Thái Lan,9.4
user088,SOI THÁI - Cống Quỳnh,7.2
user089,Phi Phi Quán - Cơm Gà Xối Mỡ,9.0
user090,"Quán 567 - Sinh Tố, Nước Ép, Giải Khát",1.0
user091,Hải Sản Vietcrab - Tân Kỳ Tân Quý,1.0
user092,Súp Cua & Gỏi Cuốn Bà Ngoại - Lý Thái Tổ,1.0
user093,Starbucks Coffee - Etown 5,3.4
user094,Gà Rán & Burger Lotteria - HTV,3.0
user095,Moon Fast Food - Món Hàn - Trường Chinh,1.6
user096,Cơm Gà Xối Mỡ Su Su,6.0
user097,Bánh Cuốn Ba Miền - Trường Chinh,6.4
user098,Tuấn Cò - Cơm Gà Xối Mỡ,6.0
user099,Phúc Long Lê Văn Sỹ,7.2
user100,Domino’s Pizza - Hòa Bình,10.0
user101,Cô Thủy - Quán Ăn Vặt - Lê Thúc Hoạch,4.4
user102,"Quán 567 - Sinh Tố, Nước Ép, Giải Khát",1.0
user103,Tiệm Cô Béo Bún Thái Lan,1.0
user104,A Tùng - Bánh Mì Bò Nướng Bơ Cambodia - Lê Hồng Phong,7.2
user105,Gà Rán KFC - Central Plaza,7.2
user106,Pad Thái Tôm - Món Thái Ngon - Shop Online,8.8
user107,Xôi Gà Bà Chiểu,10.0
user108,Kebab Sài Gòn - Nguyễn Thượng Hiền,6.0
user109,Bún Riêu & Canh Bún - Phan Đình Phùng,7.300000000000001
user109,Gà Rán Popeyes - Điện Biên Phủ,5.4
user110,Tiệm Cô Béo Bún Thái Lan,7.2
user111,Tiệm Bánh Mỹ Phụng,7.0
user112,KOI Thé - Phan Xích Long,3.4
user113,Tuấn Cò - Cơm Gà Xối Mỡ,10.0
user114,Fruit Crush - Trái Cây Tươi & Ăn Vặt - Quận 1,8.4
user115,Papaxốt - Quang Trung,2.6
user116,Jeju Quán - Món Ăn Hàn Quốc,9.0
user117,Cơm Tấm Kiều Giang - Trần Quang Khải,1.0
user118,Cơm Gà Hải Nam - Hậu Giang,5.0
user119,Chị Hà - Bánh Tráng Trộn & Bánh Mì Nướng Muối Ớt,9.5
user120,Gà Nướng Lu Việt Hương - Lê Quang Định,3.4
user121,Quán Chà Bá - Mực Chiên & Bò Viên - Mai Xuân Thưởng,10.0
user122,Gà Rán KFC - Co.op Mart Nguyễn Ảnh Thủ,4.2
user122,Gà Rán KFC - Co.op Mart Nguyễn Ảnh Thủ - 2 Miếng Gà Xốt Mắm Tỏi,4.2
user122,Gà Rán KFC - Co.op Mart Nguyễn Ảnh Thủ - COMBO 2 NGƯỜI 124K,4.2
user122,Gà Rán KFC - Co.op Mart Nguyễn Ảnh Thủ - COMBO ĐẬM VỊ,4.2
user122,Gà Rán KFC - Co.op Mart Nguyễn Ảnh Thủ - COMBO ĐẬM ĐÀ,4.2
user122,Gà Rán KFC - Co.op Mart Nguyễn Ảnh Thủ - Combo Cơm Trưa Gà Mắm Tỏi,4.2
user122,Gà Rán KFC - Co.op Mart Nguyễn Ảnh Thủ - Combo Cơm Trưa Gà Viên Nanban,4.2
user122,Gà Rán KFC - Co.op Mart Nguyễn Ảnh Thủ - Combo Cơm Trưa Phi-lê Gà Quay,4.2
user122,Gà Rán KFC - Co.op Mart Nguyễn Ảnh Thủ - Combo Trưa Burger Tôm,4.2
user122,Gà Rán KFC - Co.op Mart Nguyễn Ảnh Thủ - Combo Trưa Mì Ý,4.2
user123,"Thiên Ân Quán - Cơm, Bún Riêu & Bún Mắm",10.0
user124,Gà Rán KFC - Central Plaza,10.0
user125,SteakZone,10.0
user125,Tuấn Cò - Cơm Gà Xối Mỡ,10.0
user126,Gỏi Khô Bò - Công Viên Lê Văn Tám,5.0
user127,"Quán 567 - Sinh Tố, Nước Ép, Giải Khát",4.2
user128,Cháo Sườn Bé Hiền - Súp Cua & Bún Bò,10.0
user129,Trà Sữa Panda Milktea,9.0
user130,Pizza Hut - Hậu Giang,1.0
user131,Bánh Cam 123A - Bánh Cam & Bánh Xếp - Trần Hữu Trang,8.8
user132,SteakZone,10.0
user133,Jeju Quán - Món Ăn Hàn Quốc,8.0
user134,"Quán 567 - Sinh Tố, Nước Ép, Giải Khát",2.6
user135,Gà Rán & Burger McDonald’s Vincom Masteri,4.6
user136,KOI Thé - Võ Văn Ngân,1.0
user137,SteakZone,10.0
user138,Chị Mai - Bánh Tráng Trộn & Nước Cam,10.0
user139,Chị Hà - Bánh Tráng Trộn & Bánh Mì Nướng Muối Ớt,10.0
user140,Bún Thịt Nướng Anh Ba,2.8
user141,Gà Rán Popeyes - Tùng Thiện Vương,2.6
user142,Quán Chà Bá - Mực Chiên & Bò Viên - Mai Xuân Thưởng,5.0
user143,Nem Nướng Nha Trang Bé Thảo,3.8
user144,Chè Thái Út Lyly,9.85
user145,Cơm Tấm Kiều Giang - Trần Quang Khải,3.4
user146,Jeju Quán - Món Ăn Hàn Quốc,9.8
user147,Điểm Tâm 288 - Bún Thịt Xào & Cháo Bắc Thảo,1.6
user148,Gà Rán Popeyes - Điện Biên Phủ,4.2
user149,"Quán 567 - Sinh Tố, Nước Ép, Giải Khát",3.8
user150,SteakZone,5.0
user151,Cơm Gà Hải Nam - Hậu Giang,5.8
user151,Gỏi Khô Bò - Công Viên Lê Văn Tám,5.0
user152,Gà rán và Mì Ý - Jollibee - Pasteur,4.6
user153,Bún Thịt Nướng Anh Ba,3.4
user154,Moon Fast Food - Món Hàn - Trường Chinh,1.0
user155,Điểm Tâm 288 - Bún Thịt Xào & Cháo Bắc Thảo,7.8
user156,Pizza Hut - Hậu Giang,7.0
user157,Gà Rán & Burger Lotteria - HTV,7.4
user158,Tiệm Cô Béo Bún Thái Lan,5.4
user159,Trà Sữa Tiên Hưởng Cotcha - Tản Đà,10.0
user160,Cơm Gà Xối Mỡ Su Su,9.4
user161,Xôi Gà Bà Chiểu,1.0
user162,Nhà Bún Đậu - Bún Đậu Mắm Tôm Hà Nội - Song Hành,9.4
user163,Gà rán và Mì Ý - Jollibee - Pasteur,1.0
user164,Gà Rán Popeyes - Tùng Thiện Vương,4.4
user165,Gà Rán & Burger Lotteria - HTV,10.0
user166,Kebaby - Doner Kebab,10.0
user167,Chè Hà Ký - Châu Văn Liêm,2.6
user168,Bún Riêu & Canh Bún - Phan Đình Phùng,7.6
user169,Chè Hà Ký - Châu Văn Liêm,7.0
user170,Phở 24 - Nguyễn Tri Phương,5.8
user171,SteakZone,10.0
user172,Chị Hà - Bánh Tráng Trộn & Bánh Mì Nướng Muối Ớt,2.8
user173,Hanuri - Quán Ăn Hàn Quốc - Nguyễn Đình Chiểu,8.4
user174,Gà Rán KFC - Co.op Mart Nguyễn Ảnh Thủ,8.2
user174,Gà Rán KFC - Co.op Mart Nguyễn Ảnh Thủ - 2 Miếng Gà Xốt Mắm Tỏi,8.2
user174,Gà Rán KFC - Co.op Mart Nguyễn Ảnh Thủ - COMBO 2 NGƯỜI 124K,8.2
user174,Gà Rán KFC - Co.op Mart Nguyễn Ảnh Thủ - COMBO ĐẬM VỊ,8.2
user174,Gà Rán KFC - Co.op Mart Nguyễn Ảnh Thủ - COMBO ĐẬM ĐÀ,8.2
user174,Gà Rán KFC - Co.op Mart Nguyễn Ảnh Thủ - Combo Cơm Trưa Gà Mắm Tỏi,8.2
user174,Gà Rán KFC - Co.op Mart Nguyễn Ảnh Thủ - Combo Cơm Trưa Gà Viên Nanban,8.2
user174,Gà Rán KFC - Co.op Mart Nguyễn Ảnh Thủ - Combo Cơm Trưa Phi-lê Gà Quay,8.2
user174,Gà Rán KFC - Co.op Mart Nguyễn Ảnh Thủ - Combo Trưa Burger Tôm,8.2
user174,Gà Rán KFC - Co.op Mart Nguyễn Ảnh Thủ - Combo Trưa Mì Ý,8.2
user175,Papas' Chicken - Gà Rán Hàn Quốc - Hoàng Văn Thụ,3.4
user176,Cơm Tấm Cô Hoa - Ngô Quyền,7.8
user177,Gà Rán KFC - Co.op Mart Nguyễn Ảnh Thủ - 2 Miếng Gà Xốt Mắm Tỏi,6.6
user177,Gà Rán KFC - Co.op Mart Nguyễn Ảnh Thủ - COMBO 2 NGƯỜI 124K,6.6
user177,Gà Rán KFC - Co.op Mart Nguyễn Ảnh Thủ - COMBO ĐẬM VỊ,6.6
user177,Gà Rán KFC - Co.op Mart Nguyễn Ảnh Thủ - COMBO ĐẬM ĐÀ,6.6
user177,Gà Rán KFC - Co.op Mart Nguyễn Ảnh Thủ - Combo Cơm Trưa Gà Mắm Tỏi,6.6
user177,Gà Rán KFC - Co.op Mart Nguyễn Ảnh Thủ - Combo Cơm Trưa Gà Viên Nanban,6.6
user177,Gà Rán KFC - Co.op Mart Nguyễn Ảnh Thủ - Combo Cơm Trưa Phi-lê Gà Quay,6.6
user177,Gà Rán KFC - Co.op Mart Nguyễn Ảnh Thủ - Combo Trưa Burger Tôm,6.6
user177,Gà Rán KFC - Co.op Mart Nguyễn Ảnh Thủ - Combo Trưa Mì Ý,6.6
user178,Tuấn Cò - Cơm Gà Xối Mỡ,10.0
user179,Quán Thúy 94 - Miến Cua,4.6
user180,KOI Thé - Phan Xích Long,2.6
user181,Chè Thái Út Lyly,6.4
user182,Tuấn Cò - Cơm Gà Xối Mỡ,5.0
user183,KOI Thé - Võ Văn Ngân,6.4
user184,Texas Chicken - Nguyễn Thái Học,8.4
user185,Trà Sữa Tiên Hưởng Cotcha - Tản Đà,5.0
user186,Nhà Bún Đậu - Bún Đậu Mắm Tôm Hà Nội - Song Hành,9.8
user187,Quán Chà Bá - Mực Chiên & Bò Viên - Mai Xuân Thưởng,5.0
user188,Hanuri - Quán Ăn Hàn Quốc - Nguyễn Đình Chiểu,3.2
user189,Domino’s Pizza - Hòa Bình,8.0
user190,Quán Thúy 94 - Miến Cua,1.0
user191,Phi Phi Quán - Cơm Gà Xối Mỡ,9.0
user192,Phi Phi Quán - Cơm Gà Xối Mỡ,8.4
user192,TOUS les JOURS - Nguyễn Thị Minh Khai,9.2
user193,Bánh Cuốn Ba Miền - Trường Chinh,7.6
user193,Cá Viên Chiên 176 - Trần Thiện Chánh,7.6
user193,Mì Trộn Tên Lửa - 462 Trần Hưng Đạo,7.6
user194,The Pizza Company - Đường D2,6.0
user195,Quán 79 Nem Nướng,1.2
user196,Tiệm Bánh Mỹ Phụng,3.4
user197,KOI Thé - Võ Văn Ngân,1.0
user198,Fruit Crush - Trái Cây Tươi & Ăn Vặt - Quận 1,9.6
user198,Trà Sữa Wozzi,4.0
user199,"Thiên Ân Quán - Cơm, Bún Riêu & Bún Mắm",3.6
user200,TOUS les JOURS - Nguyễn Thị Minh Khai,10.0
user201,Cơm Tấm Cô Hoa - Ngô Quyền,1.0
user202,Gà Rán KFC - Central Plaza,4.2
user203,Chị Mai - Bánh Tráng Trộn & Nước Cam,9.6
user204,Súp Cua Nhà Thờ Đức Bà,6.8
user205,Mì Trộn Tên Lửa - 462 Trần Hưng Đạo,5.0
user206,Quán Nem - Nem Cua Biển & Bún Chả - Nguyễn Thị Minh Khai,10.0
user207,Gà Rán & Burger McDonald’s Vincom Masteri,4.4
user208,Quán Nem - Nem Cua Biển & Bún Chả - Nguyễn Thị Minh Khai,4.2
user209,SOI THÁI - Cống Quỳnh,4.8
user210,Cơm Tấm Cô Hoa - Ngô Quyền,6.4
user211,Cơm Tấm Kiều Giang - Trần Quang Khải,7.8
user212,Kebaby - Doner Kebab,9.8
user213,Cơm Tấm Tú Mập - Đồng Đen,4.0
user213,Gà Rán KFC - Co.op Mart Nguyễn Ảnh Thủ - 2 Miếng Gà Xốt Mắm Tỏi,6.0
user213,Gà Rán KFC - Co.op Mart Nguyễn Ảnh Thủ - COMBO 2 NGƯỜI 124K,6.0
user213,Gà Rán KFC - Co.op Mart Nguyễn Ảnh Thủ - COMBO ĐẬM VỊ,6.0
user213,Gà Rán KFC - Co.op Mart Nguyễn Ảnh Thủ - COMBO ĐẬM ĐÀ,6.0
user213,Gà Rán KFC - Co.op Mart Nguyễn Ảnh Thủ - Combo Cơm Trưa Gà Mắm Tỏi,6.0
user213,Gà Rán KFC - Co.op Mart Nguyễn Ảnh Thủ - Combo Cơm Trưa Gà Viên Nanban,6.0
user213,Gà Rán KFC - Co.op Mart Nguyễn Ảnh Thủ - Combo Cơm Trưa Phi-lê Gà Quay,6.0
user213,Gà Rán KFC - Co.op Mart Nguyễn Ảnh Thủ - Combo Trưa Burger Tôm,6.0
user213,Gà Rán KFC - Co.op Mart Nguyễn Ảnh Thủ - Combo Trưa Mì Ý,6.0
user214,SteakZone,10.0
user215,The Pizza Company - Đường D2,9.2
user216,Kebaby - Doner Kebab,10.0
user217,Phở 24 - Nguyễn Tri Phương,7.6
user218,Gà Nướng Anh Tư,8.0
user219,Chè HongKong - 港式糖水 - Phan Phú Tiên,5.0
user219,Chè Thái Út Lyly,5.0
user219,SteakZone,5.0
user220,The Pizza Company - Đường D2,1.0
user221,Chị Mai - Bánh Tráng Trộn & Nước Cam,9.4
user222,Kebab Sài Gòn - Nguyễn Thượng Hiền,4.6
user223,Ốc Tô - Xóm Chiếu,5.6
user224,Cheese Coffee - Hồng Bàng,4.6
user225,Bún Riêu & Canh Bún - Phan Đình Phùng,6.2
user226,Moon Fast Food - Món Hàn - Trường Chinh,7.6
user227,Cơm Tấm Cô Hoa - Ngô Quyền,3.6
user227,Moon Fast Food - Món Hàn - Trường Chinh,5.8
user228,A Tùng - Bánh Mì Bò Nướng Bơ Cambodia - Lê Hồng Phong,7.4
user229,Bà Hai - Bánh Xèo & Bánh Khọt,1.8
user230,Trà Sữa Tiên Hưởng Gotcha - Huỳnh Mẫn Đạt,1.0
user231,Phá Lấu Rubi - Nguyễn Hồng Đào,7.0
user232,Trà Sữa Panda Milktea,6.0
user233,Cháo Sườn Bé Hiền - Súp Cua & Bún Bò,5.4
user234,Chè Hà Ký - Châu Văn Liêm,1.0
user235,Tiệm Cô Béo Bún Thái Lan,8.4
user236,Gà Rán Popeyes - Điện Biên Phủ,10.0
user236,Kebaby - Doner Kebab,8.6
user236,"Thiên Ân Quán - Cơm, Bún Riêu & Bún Mắm",8.2
user236,Tini Tea - Đường Số 42,9.7
user237,Trà Sữa Panda Milktea,6.0
user238,KOI Thé - Võ Văn Ngân,5.0
user239,Bánh Cuốn Ba Miền - Trường Chinh,7.4
user240,Gà Rán Popeyes - Điện Biên Phủ,8.2
user241,Tuấn Cò - Cơm Gà Xối Mỡ,10.0
user242,Phi Phi Quán - Cơm Gà Xối Mỡ,9.0
user243,Gà Rán Popeyes - Điện Biên Phủ,8.0
user244,SteakZone,9.0
user245,Tiệm Bánh Mỹ Phụng,6.8
user246,Phá Lấu Rubi - Nguyễn Hồng Đào,7.0
user247,Pad Thái Tôm - Món Thái Ngon - Shop Online,10.0
user248,Kebaby - Doner Kebab,10.0
user249,Cơm Gà Xối Mỡ Su Su,2.6
user250,Cơm Gà Xối Mỡ Su Su,3.4
user250,Gà Rán Popeyes - Điện Biên Phủ,1.0
user251,Phá Lấu Rubi - Nguyễn Hồng Đào,1.0
user252,Tuấn Cò - Cơm Gà Xối Mỡ,10.0
user253,Quán Nem - Nem Cua Biển & Bún Chả - Nguyễn Thị Minh Khai,9.4
user254,The Pizza Company - Đường D2,9.0
user255,Bún Nước Tương Mr Nhoi - Nguyễn Thượng Hiền,9.8
user256,Phi Phi Quán - Cơm Gà Xối Mỡ,8.4
user257,Xôi Gà Bà Chiểu,1.0
user258,Trà Sữa Panda Milktea,7.8
user258,Điểm Tâm 288 - Bún Thịt Xào & Cháo Bắc Thảo,7.933333333333334
user259,Bún Thịt Nướng Anh Ba,1.4
user260,"Cơm Gà, Cháo, Miến Gỏi Gà Ta Tường Vy - Lữ Gia",9.4
user261,Trà Sữa Tiên Hưởng Gotcha - Huỳnh Mẫn Đạt,3.4
user262,Huyền - Bún Nước & Mì Cay Muối Ớt,1.0
user263,"Cơm Gà, Cháo, Miến Gỏi Gà Ta Tường Vy - Lữ Gia",9.8
user264,Quán Thúy 94 - Miến Cua,8.6
user265,A Tùng - Bánh Mì Bò Nướng Bơ Cambodia - Lê Hồng Phong,7.4
user266,Pad Thái Tôm - Món Thái Ngon - Shop Online,9.2
user267,Gà Rán KFC - Co.op Mart Nguyễn Ảnh Thủ - 2 Miếng Gà Xốt Mắm Tỏi,9.8
user267,Gà Rán KFC - Co.op Mart Nguyễn Ảnh Thủ - COMBO 2 NGƯỜI 124K,9.8
user267,Gà Rán KFC - Co.op Mart Nguyễn Ảnh Thủ - COMBO ĐẬM VỊ,9.8
user267,Gà Rán KFC - Co.op Mart Nguyễn Ảnh Thủ - COMBO ĐẬM ĐÀ,9.8
user267,Gà Rán KFC - Co.op Mart Nguyễn Ảnh Thủ - Combo Cơm Trưa Gà Mắm Tỏi,9.8
user267,Gà Rán KFC - Co.op Mart Nguyễn Ảnh Thủ - Combo Cơm Trưa Gà Viên Nanban,9.8
user267,Gà Rán KFC - Co.op Mart Nguyễn Ảnh Thủ - Combo Cơm Trưa Phi-lê Gà Quay,9.8
user267,Gà Rán KFC - Co.op Mart Nguyễn Ảnh Thủ - Combo Trưa Burger Tôm,9.8
user267,Gà Rán KFC - Co.op Mart Nguyễn Ảnh Thủ - Combo Trưa Mì Ý,9.8
user268,Gà rán và Mì Ý - Jollibee - Pasteur,1.0
user269,Súp Cua Nhà Thờ Đức Bà,7.0
user270,Cháo Ếch Tân Định - Hai Bà Trưng,1.0
user271,Chị Hà - Bánh Tráng Trộn & Bánh Mì Nướng Muối Ớt,1.0
user271,Quán Chà Bá - Mực Chiên & Bò Viên - Mai Xuân Thưởng,5.0
user272,Gà Nướng Anh Tư,8.2
user273,Chị Mai - Bánh Tráng Trộn & Nước Cam,9.4
user274,Cơm Gà Hải Nam - Hậu Giang,10.0
user275,Quán Thúy 94 - Miến Cua,8.4
user276,Quán Chà Bá - Mực Chiên & Bò Viên - Mai Xuân Thưởng,5.0
user277,Kebab Sài Gòn - Nguyễn Thượng Hiền,5.2
user278,Mì Xào Giòn - 111 Vạn Kiếp,7.8
user279,Quán Nem - Nem Cua Biển & Bún Chả - Nguyễn Thị Minh Khai,4.2
user280,Fruit Crush - Trái Cây Tươi & Ăn Vặt - Quận 1,9.6
user281,Phá Lấu Nga - Tôn Đản,7.4
user281,Tiệm Cô Béo Bún Thái Lan,7.2
user281,Trà Sữa Wozzi,7.6
user282,Mì Xào Giòn - 111 Vạn Kiếp,1.0
user283,Cơm Tấm Kiều Giang - Trần Quang Khải,2.6
user283,Gà Nướng Anh Tư,3.4
user284,Gà Nướng Anh Tư,6.4
user285,Mì Xào Giòn - 111 Vạn Kiếp,7.6
user286,Gà Rán & Burger McDonald’s Vincom Masteri,4.4
user287,Gà Rán Popeyes - Tùng Thiện Vương,8.4
user288,Cô Thúy - Hột Vịt Lộn,1.8
user289,Buzza Pizza - Nowzone,1.6
user290,Bánh Cuốn Ba Miền - Trường Chinh,9.6
user291,Gà Nướng Anh Tư,7.0
user291,Gà Nướng Lu Việt Hương - Lê Quang Định,7.0
user291,Quán Thảo Hiền - Đặc Sản Miền Trung,2.2
user292,Gỏi Khô Bò - Công Viên Lê Văn Tám,5.6
user292,Quán Chà Bá - Mực Chiên & Bò Viên - Mai Xuân Thưởng,5.8
user293,Buzza Pizza - Nowzone,1.0
user294,Tuấn Cò - Cơm Gà Xối Mỡ,5.0
user295,Gà rán và Mì Ý - Jollibee - Pasteur,5.4
user296,Jeju Quán - Món Ăn Hàn Quốc,9.2
user297,Tiệm Cô Béo Bún Thái Lan,6.8
user298,Fruit Crush - Trái Cây Tươi & Ăn Vặt - Quận 1,9.6
user299,Cháo Sườn Chú Chen - Nguyễn Trãi,8.0
user300,Gà Rán Popeyes - Điện Biên Phủ,8.0
user301,Cheese Coffee - Hồng Bàng,6.8
user301,Fruit Crush - Trái Cây Tươi & Ăn Vặt - Quận 1,7.2
user302,Cô Thủy - Quán Ăn Vặt - Lê Thúc Hoạch,4.0
user303,Trà Sữa Panda Milktea,10.0
user304,Quán Chà Bá - Mực Chiên & Bò Viên - Mai Xuân Thưởng,5.0
user305,Xôi Gà Bà Chiểu,2.6
user306,KOI Thé - Võ Văn Ngân,8.2
user306,Tiệm Cô Béo Bún Thái Lan,8.066666666666666
user307,Gà Rán KFC - Central Plaza,6.8
user308,Bà Hai - Bánh Xèo & Bánh Khọt,7.2
user309,Jeju Quán - Món Ăn Hàn Quốc,9.4
user310,Tini Tea - Đường Số 42,3.8
user311,Quán 79 Nem Nướng,2.2
user312,Phá Lấu Nga - Tôn Đản,6.6
user313,Gà Rán Popeyes - Tùng Thiện Vương,6.4
user313,Huyền - Bún Nước & Mì Cay Muối Ớt,1.0
user314,Bún Thịt Nướng Anh Ba,3.8
user315,Quán 79 Nem Nướng,9.2
user316,Buzza Pizza - Nowzone,7.6
user317,Gà Rán KFC - Co.op Mart Nguyễn Ảnh Thủ,8.0
user317,Gà Rán KFC - Co.op Mart Nguyễn Ảnh Thủ - 2 Miếng Gà Xốt Mắm Tỏi,8.0
user317,Gà Rán KFC - Co.op Mart Nguyễn Ảnh Thủ - COMBO 2 NGƯỜI 124K,8.0
user317,Gà Rán KFC - Co.op Mart Nguyễn Ảnh Thủ - COMBO ĐẬM VỊ,8.0
user317,Gà Rán KFC - Co.op Mart Nguyễn Ảnh Thủ - COMBO ĐẬM ĐÀ,8.0
user317,Gà Rán KFC - Co.op Mart Nguyễn Ảnh Thủ - Combo Cơm Trưa Gà Mắm Tỏi,8.0
user317,Gà Rán KFC - Co.op Mart Nguyễn Ảnh Thủ - Combo Cơm Trưa Gà Viên Nanban,8.0
user317,Gà Rán KFC - Co.op Mart Nguyễn Ảnh Thủ - Combo Cơm Trưa Phi-lê Gà Quay,8.0
user317,Gà Rán KFC - Co.op Mart Nguyễn Ảnh Thủ - Combo Trưa Burger Tôm,8.0
user317,Gà Rán KFC - Co.op Mart Nguyễn Ảnh Thủ - Combo Trưa Mì Ý,8.0
user318,"Thiên Ân Quán - Cơm, Bún Riêu & Bún Mắm",4.4
user319,Fruit Crush - Trái Cây Tươi & Ăn Vặt - Quận 1,1.0
user320,Trà Sữa Tiên Hưởng Cotcha - Tản Đà,4.6
user321,Bánh Cuốn Ba Miền - Trường Chinh,8.0
user322,Tiệm Bánh Mỹ Phụng,7.0
user323,"Quán 567 - Sinh Tố, Nước Ép, Giải Khát",3.6
user324,Hanuri - Quán Ăn Hàn Quốc - Nguyễn Đình Chiểu,3.4
user325,Cháo Sườn Chú Chen - Nguyễn Trãi,9.2
user326,Chị Mai - Bánh Tráng Trộn & Nước Cam,10.0
user327,Bà Hai - Bánh Xèo & Bánh Khọt,10.0
user328,Buzza Pizza - Nowzone,8.4
user328,"Thiên Ân Quán - Cơm, Bún Riêu & Bún Mắm",7.0
user329,Trà Sữa Tiên Hưởng Gotcha - Huỳnh Mẫn Đạt,6.6
user330,Papas' Chicken - Gà Rán Hàn Quốc - Hoàng Văn Thụ,7.6
user330,Ốc Tô - Xóm Chiếu,7.4
user331,Cơm Gà Hải Nam - Hậu Giang,5.0
user332,Cơm Tấm Kiều Giang - Trần Quang Khải,9.6
user333,Fruit Crush - Trái Cây Tươi & Ăn Vặt - Quận 1,8.0
user334,Bánh Cuốn Ba Miền - Trường Chinh,7.0
user335,Cơm Tấm Tú Mập - Đồng Đen,1.0
user336,Moon Fast Food - Món Hàn - Trường Chinh,1.2
user337,Kebab Sài Gòn - Nguyễn Thượng Hiền,2.2
user338,Gỏi Khô Bò 380,10.0
user339,DuDu Tea Food - Trà Sữa & Mì Cay,10.0
user340,Quán Thảo Hiền - Đặc Sản Miền Trung,5.0
user341,Cơm Tấm Cô Hoa - Ngô Quyền,6.2
user342,Huyền - Bún Nước & Mì Cay Muối Ớt,1.0
user343,Trà Sữa Tiên Hưởng Cotcha - Tản Đà,10.0
user344,TOUS les JOURS - Nguyễn Thị Minh Khai,9.0
user345,"3 Râu - Gà Rán, Pizza & Trà Sữa - Cây Trâm",6.0
user346,Bánh Cuốn Ba Miền - Trường Chinh,3.8
user347,Chè Thái Út Lyly,5.0
user348,Quán Thúy 94 - Miến Cua,5.8
user349,Cơm Tấm Sao Mai,7.0
user350,Cháo Sườn Bé Hiền - Súp Cua & Bún Bò,9.2
user351,Quán Nem - Nem Cua Biển & Bún Chả - Nguyễn Thị Minh Khai,7.8
user352,Chị Mai - Bánh Tráng Trộn & Nước Cam,9.8
user353,Cơm Tấm Kiều Giang - Trần Quang Khải,5.0
user354,Chè Thái Út Lyly,10.0
user355,Tiệm Cô Béo Bún Thái Lan,8.8
user356,Phở 24 - Nguyễn Tri Phương,4.8
user357,Quán Thảo Hiền - Đặc Sản Miền Trung,10.0
user358,SteakZone,10.0
user359,Gà rán và Mì Ý - Jollibee - Pasteur,7.2
user360,A Tùng - Bánh Mì Bò Nướng Bơ Cambodia - Lê Hồng Phong,7.0
user361,"Thiên Ân Quán - Cơm, Bún Riêu & Bún Mắm",3.4
user362,Papaxốt - Quang Trung,3.2
user363,Bánh Tráng Trộn Nguyễn An Ninh - Ăn Vặt - 039 Lô M Chung Cư Ngô Gia Tự,9.2
user364,Ốc Tô - Xóm Chiếu,8.0
user365,Gà Rán Popeyes - Điện Biên Phủ,7.8
user366,Cơm Tấm Kiều Giang - Trần Quang Khải,3.4
user367,Gà Rán Popeyes - Điện Biên Phủ,2.0
user368,Cô Thủy - Quán Ăn Vặt - Lê Thúc Hoạch,3.4
user369,Cơm Gà Hải Nam - Hậu Giang,8.0
user370,Gà Rán KFC - Co.op Mart Nguyễn Ảnh Thủ - 2 Miếng Gà Xốt Mắm Tỏi,10.0
user370,Gà Rán KFC - Co.op Mart Nguyễn Ảnh Thủ - COMBO 2 NGƯỜI 124K,10.0
user370,Gà Rán KFC - Co.op Mart Nguyễn Ảnh Thủ - COMBO ĐẬM VỊ,10.0
user370,Gà Rán KFC - Co.op Mart Nguyễn Ảnh Thủ - COMBO ĐẬM ĐÀ,10.0
user370,Gà Rán KFC - Co.op Mart Nguyễn Ảnh Thủ - Combo Cơm Trưa Gà Mắm Tỏi,10.0
user370,Gà Rán KFC - Co.op Mart Nguyễn Ảnh Thủ - Combo Cơm Trưa Gà Viên Nanban,10.0
user370,Gà Rán KFC - Co.op Mart Nguyễn Ảnh Thủ - Combo Cơm Trưa Phi-lê Gà Quay,10.0
user370,Gà Rán KFC - Co.op Mart Nguyễn Ảnh Thủ - Combo Trưa Burger Tôm,10.0
user370,Gà Rán KFC - Co.op Mart Nguyễn Ảnh Thủ - Combo Trưa Mì Ý,10.0
user371,Gà Nướng Anh Tư,3.0
user372,A Tùng - Bánh Mì Bò Nướng Bơ Cambodia - Lê Hồng Phong,7.0
user372,Fruit Crush - Trái Cây Tươi & Ăn Vặt - Quận 1,10.0
user373,Điểm Tâm 288 - Bún Thịt Xào & Cháo Bắc Thảo,7.4
user374,Hanuri - Quán Ăn Hàn Quốc - Nguyễn Đình Chiểu,8.6
user374,Ốc Tô - Xóm Chiếu,7.6
user375,A Tùng - Bánh Mì Bò Nướng Bơ Cambodia - Lê Hồng Phong,7.2
user376,Pizza Hut - Hậu Giang,3.0
user377,Cháo Sườn Chú Chen - Nguyễn Trãi,10.0
user377,Quán Chà Bá - Mực Chiên & Bò Viên - Mai Xuân Thưởng,5.0
user378,Gà rán và Mì Ý - Jollibee - Pasteur,7.6
user378,Phúc Long Lê Văn Sỹ,1.0
user379,Kebaby - Doner Kebab,8.8
user380,Mì Xào Giòn - 111 Vạn Kiếp,1.0
user381,Gà Rán & Burger Lotteria - HTV,7.8
user382,Phá Lấu Rubi - Nguyễn Hồng Đào,2.8
user383,Phúc Long Lê Văn Sỹ,3.0
user384,Gà Nướng Anh Tư,8.2
user384,Gà Nướng Lu Việt Hương - Lê Quang Định,7.0
user385,A Tùng - Bánh Mì Bò Nướng Bơ Cambodia - Lê Hồng Phong,6.8
user385,Bánh Cuốn Ba Miền - Trường Chinh,7.2
user385,Cheese Coffee - Hồng Bàng,7.0
user386,Hanuri - Quán Ăn Hàn Quốc - Nguyễn Đình Chiểu,8.4
user387,"3 Râu - Gà Rán, Pizza & Trà Sữa - Cây Trâm",8.0
user388,Súp Cua Nhà Thờ Đức Bà,9.2
user389,Fruit Crush - Trái Cây Tươi & Ăn Vặt - Quận 1,5.0
user390,"Thiên Ân Quán - Cơm, Bún Riêu & Bún Mắm",2.6
user391,Chè Hà Ký - Châu Văn Liêm,1.0
user392,Papas' Chicken - Gà Rán Hàn Quốc - Hoàng Văn Thụ,7.8
user392,Quán Thúy 94 - Miến Cua,7.8
user392,SOI THÁI - Cống Quỳnh,7.2
user393,Quán Thảo Hiền - Đặc Sản Miền Trung,5.0
user394,Bún Riêu & Canh Bún - Phan Đình Phùng,7.0
user395,Domino’s Pizza - Hòa Bình,5.0
user396,Jeju Quán - Món Ăn Hàn Quốc,9.0
user397,Bún Riêu & Canh Bún - Phan Đình Phùng,8.6
user398,Quán 79 Nem Nướng,10.0
user399,Cháo Sườn Chú Chen - Nguyễn Trãi,9.2
user400,Gà Rán & Burger McDonald’s Vincom Masteri,10.0
user401,Gà Rán Popeyes - Điện Biên Phủ,7.8
user401,Gà rán và Mì Ý - Jollibee - Pasteur,8.0
user401,Papas' Chicken - Gà Rán Hàn Quốc - Hoàng Văn Thụ,8.0
user402,"Thiên Ân Quán - Cơm, Bún Riêu & Bún Mắm",1.0
user403,Bánh Cuốn Ba Miền - Trường Chinh,8.0
user404,Quán Nem - Nem Cua Biển & Bún Chả - Nguyễn Thị Minh Khai,9.4
user405,Quán Thảo Hiền - Đặc Sản Miền Trung,8.0
user406,Cháo Sườn Chú Chen - Nguyễn Trãi,6.2
user407,Quán Thảo Hiền - Đặc Sản Miền Trung,5.0
user408,Kebaby - Doner Kebab,10.0
user409,Tiệm Cô Béo Bún Thái Lan,9.0
user410,Nhà Bún Đậu - Bún Đậu Mắm Tôm Hà Nội - Song Hành,8.0
user411,Điểm Tâm 288 - Bún Thịt Xào & Cháo Bắc Thảo,4.4
user412,Chè Hà Ký - Châu Văn Liêm,10.0
user413,Gỏi Khô Bò - Công Viên Lê Văn Tám,5.0
user414,Phúc Long Lê Văn Sỹ,3.4
user415,Tuấn Cò - Cơm Gà Xối Mỡ,10.0
user416,Gà Rán & Burger McDonald’s Vincom Masteri,7.6
user416,KATINAT - Huỳnh Thúc Kháng,8.6
user416,Papas' Chicken - Gà Rán Hàn Quốc - Hoàng Văn Thụ,8.0
user416,Starbucks Coffee - Etown 5,7.6
user417,Phúc Long Lê Văn Sỹ,7.0
user418,Nhà Bún Đậu - Bún Đậu Mắm Tôm Hà Nội - Song Hành,6.8
user419,Pad Thái Tôm - Món Thái Ngon - Shop Online,8.0
user420,Phá Lấu Nga - Tôn Đản,5.0
user421,"Quán 567 - Sinh Tố, Nước Ép, Giải Khát",4.2
user422,Tiệm Cô Béo Bún Thái Lan,7.0
user423,Trà Sữa Tiên Hưởng Gotcha - Huỳnh Mẫn Đạt,9.5
user424,Gà Rán KFC - Central Plaza,7.8
user425,Chè Hà Ký - Châu Văn Liêm,1.0
user426,Cơm Gà Hải Nam - Hậu Giang,10.0
user426,Gỏi Khô Bò - Công Viên Lê Văn Tám,10.0
user427,SteakZone,10.0
user428,Phi Phi Quán - Cơm Gà Xối Mỡ,10.0
user429,Gà Rán KFC - Co.op Mart Nguyễn Ảnh Thủ,6.8
user429,Gà Rán KFC - Co.op Mart Nguyễn Ảnh Thủ - 2 Miếng Gà Xốt Mắm Tỏi,6.8
user429,Gà Rán KFC - Co.op Mart Nguyễn Ảnh Thủ - COMBO 2 NGƯỜI 124K,6.8
user429,Gà Rán KFC - Co.op Mart Nguyễn Ảnh Thủ - COMBO ĐẬM VỊ,6.8
user429,Gà Rán KFC - Co.op Mart Nguyễn Ảnh Thủ - COMBO ĐẬM ĐÀ,6.8
user429,Gà Rán KFC - Co.op Mart Nguyễn Ảnh Thủ - Combo Cơm Trưa Gà Mắm Tỏi,6.8
user429,Gà Rán KFC - Co.op Mart Nguyễn Ảnh Thủ - Combo Cơm Trưa Gà Viên Nanban,6.8
user429,Gà Rán KFC - Co.op Mart Nguyễn Ảnh Thủ - Combo Cơm Trưa Phi-lê Gà Quay,6.8
user429,Gà Rán KFC - Co.op Mart Nguyễn Ảnh Thủ - Combo Trưa Burger Tôm,6.8
user429,Gà Rán KFC - Co.op Mart Nguyễn Ảnh Thủ - Combo Trưa Mì Ý,6.8
user430,Bún Riêu & Canh Bún - Phan Đình Phùng,7.8
user431,Tuấn Cò - Cơm Gà Xối Mỡ,10.0
user432,Cơm Gà Hải Nam - Hậu Giang,5.0
user432,Gỏi Khô Bò - Công Viên Lê Văn Tám,5.0
user433,Quán Thúy 94 - Miến Cua,1.0
user434,"Cơm Gà, Cháo, Miến Gỏi Gà Ta Tường Vy - Lữ Gia",2.0
user435,Cô Thủy - Quán Ăn Vặt - Lê Thúc Hoạch,4.0
user436,Trà Sữa Wozzi,7.6
user437,Bánh Cuốn Ba Miền - Trường Chinh,4.2
user438,"3 Râu - Gà Rán, Pizza & Trà Sữa - Cây Trâm",9.6
user439,Gà Rán KFC - Co.op Mart Nguyễn Ảnh Thủ - 2 Miếng Gà Xốt Mắm Tỏi,7.0
user439,Gà Rán KFC - Co.op Mart Nguyễn Ảnh Thủ - COMBO 2 NGƯỜI 124K,7.0
user439,Gà Rán KFC - Co.op Mart Nguyễn Ảnh Thủ - COMBO ĐẬM VỊ,7.0
user439,Gà Rán KFC - Co.op Mart Nguyễn Ảnh Thủ - COMBO ĐẬM ĐÀ,7.0
user439,Gà Rán KFC - Co.op Mart Nguyễn Ảnh Thủ - Combo Cơm Trưa Gà Mắm Tỏi,7.0
user439,Gà Rán KFC - Co.op Mart Nguyễn Ảnh Thủ - Combo Cơm Trưa Gà Viên Nanban,7.0
user439,Gà Rán KFC - Co.op Mart Nguyễn Ảnh Thủ - Combo Cơm Trưa Phi-lê Gà Quay,7.0
user439,Gà Rán KFC - Co.op Mart Nguyễn Ảnh Thủ - Combo Trưa Burger Tôm,7.0
user439,Gà Rán KFC - Co.op Mart Nguyễn Ảnh Thủ - Combo Trưa Mì Ý,7.0
user440,Cơm Tấm Kiều Giang - Trần Quang Khải,3.4
user441,Huyền - Bún Nước & Mì Cay Muối Ớt,5.0
user442,SteakZone,10.0
user442,Tuấn Cò - Cơm Gà Xối Mỡ,10.0
user443,Gà Rán Popeyes - Tùng Thiện Vương,5.0
user444,Tiệm Bánh Mỹ Phụng,3.6
user445,The Pizza Company - Đường D2,8.4
user446,Phi Phi Quán - Cơm Gà Xối Mỡ,9.8
user447,Pizza Hut - Hậu Giang,2.4
user448,Gà Rán Popeyes - Điện Biên Phủ,3.4
user449,Cơm Tấm Tú Mập - Đồng Đen,4.4
user450,Cơm Tấm Kiều Giang - Trần Quang Khải,9.0
user451,Papas' Chicken - Gà Rán Hàn Quốc - Hoàng Văn Thụ,7.0
user451,Texas Chicken - Nguyễn Thái Học,8.0
user452,Cháo Sườn Chú Chen - Nguyễn Trãi,9.0
user453,Domino’s Pizza - Hòa Bình,9.2
user454,Gà Rán Popeyes - Điện Biên Phủ,8.2
user454,Trà Sữa Wozzi,7.0
user455,Trà Sữa Tiên Hưởng Gotcha - Huỳnh Mẫn Đạt,9.6
user456,Xôi Gà Bà Chiểu,4.4
user457,A Tùng - Bánh Mì Bò Nướng Bơ Cambodia - Lê Hồng Phong,6.0
user458,Fruit Crush - Trái Cây Tươi & Ăn Vặt - Quận 1,8.0
user459,Gà Nướng Lu Việt Hương - Lê Quang Định,4.0
user460,Gà Rán KFC - Co.op Mart Nguyễn Ảnh Thủ,3.6
user460,Gà Rán KFC - Co.op Mart Nguyễn Ảnh Thủ - 2 Miếng Gà Xốt Mắm Tỏi,3.6
user460,Gà Rán KFC - Co.op Mart Nguyễn Ảnh Thủ - COMBO 2 NGƯỜI 124K,3.6
user460,Gà Rán KFC - Co.op Mart Nguyễn Ảnh Thủ - COMBO ĐẬM VỊ,3.6
user460,Gà Rán KFC - Co.op Mart Nguyễn Ảnh Thủ - COMBO ĐẬM ĐÀ,3.6
user460,Gà Rán KFC - Co.op Mart Nguyễn Ảnh Thủ - Combo Cơm Trưa Gà Mắm Tỏi,3.6
user460,Gà Rán KFC - Co.op Mart Nguyễn Ảnh Thủ - Combo Cơm Trưa Gà Viên Nanban,3.6
user460,Gà Rán KFC - Co.op Mart Nguyễn Ảnh Thủ - Combo Cơm Trưa Phi-lê Gà Quay,3.6
user460,Gà Rán KFC - Co.op Mart Nguyễn Ảnh Thủ - Combo Trưa Burger Tôm,3.6
user460,Gà Rán KFC - Co.op Mart Nguyễn Ảnh Thủ - Combo Trưa Mì Ý,3.6
user460,Quán Chà Bá - Mực Chiên & Bò Viên - Mai Xuân Thưởng,10.0
user461,"Thiên Ân Quán - Cơm, Bún Riêu & Bún Mắm",2.6
user462,Tiệm Bánh Mỹ Phụng,6.4
user463,Gà Nướng Anh Tư,1.0
user464,Cơm Gà Hải Nam - Hậu Giang,5.0
user464,Gỏi Khô Bò - Công Viên Lê Văn Tám,5.0
user465,Phá Lấu Rubi - Nguyễn Hồng Đào,1.0
user466,Kebab Sài Gòn - Nguyễn Thượng Hiền,6.4
user467,Gà rán và Mì Ý - Jollibee - Pasteur,8.6
user468,Gà Rán Popeyes - Điện Biên Phủ,1.0
user469,Cơm Tấm Kiều Giang - Trần Quang Khải,8.0
user470,A Tùng - Bánh Mì Bò Nướng Bơ Cambodia - Lê Hồng Phong,7.0
user471,Cơm Tấm Kiều Giang - Trần Quang Khải,4.2
user472,Cô Thúy - Hột Vịt Lộn,2.2
user472,Gà Rán KFC - Co.op Mart Nguyễn Ảnh Thủ,8.8
user472,Gà Rán KFC - Co.op Mart Nguyễn Ảnh Thủ - 2 Miếng Gà Xốt Mắm Tỏi,8.8
user472,Gà Rán KFC - Co.op Mart Nguyễn Ảnh Thủ - COMBO 2 NGƯỜI 124K,8.8
user472,Gà Rán KFC - Co.op Mart Nguyễn Ảnh Thủ - COMBO ĐẬM VỊ,8.8
user472,Gà Rán KFC - Co.op Mart Nguyễn Ảnh Thủ - COMBO ĐẬM ĐÀ,8.8
user472,Gà Rán KFC - Co.op Mart Nguyễn Ảnh Thủ - Combo Cơm Trưa Gà Mắm Tỏi,8.8
user472,Gà Rán KFC - Co.op Mart Nguyễn Ảnh Thủ - Combo Cơm Trưa Gà Viên Nanban,8.8
user472,Gà Rán KFC - Co.op Mart Nguyễn Ảnh Thủ - Combo Cơm Trưa Phi-lê Gà Quay,8.8
user472,Gà Rán KFC - Co.op Mart Nguyễn Ảnh Thủ - Combo Trưa Burger Tôm,8.8
user472,Gà Rán KFC - Co.op Mart Nguyễn Ảnh Thủ - Combo Trưa Mì Ý,8.8
user472,Nem Nướng Nha Trang Bé Thảo,6.8
user473,Tiệm Cô Béo Bún Thái Lan,6.0
user474,Phá Lấu Nga - Tôn Đản,5.4
user475,Hanuri - Quán Ăn Hàn Quốc - Nguyễn Đình Chiểu,7.0
user475,Quán 79 Nem Nướng,6.4
user475,Xôi Gà Bà Chiểu,4.6
user476,Domino’s Pizza - Hòa Bình,6.6
user477,Nhà Bún Đậu - Bún Đậu Mắm Tôm Hà Nội - Song Hành,9.2
user478,A Tùng - Bánh Mì Bò Nướng Bơ Cambodia - Lê Hồng Phong,8.0
user479,Trà Sữa Wozzi,6.2
user480,Fruit Crush - Trái Cây Tươi & Ăn Vặt - Quận 1,10.0
user481,Papas' Chicken - Gà Rán Hàn Quốc - Hoàng Văn Thụ,2.2
user482,Quán Ty - Bún Chả Cá Đà Nẵng,7.6
user483,SteakZone,10.0
user484,Chị Mai - Bánh Tráng Trộn & Nước Cam,9.8
user485,Cô Thủy - Quán Ăn Vặt - Lê Thúc Hoạch,5.0
user486,A Tùng - Bánh Mì Bò Nướng Bơ Cambodia - Lê Hồng Phong,8.2
user487,Gà Nướng Lu Việt Hương - Lê Quang Định,7.4
user488,Cheese Coffee - Hồng Bàng,7.6
user488,Gong Cha - Trà & Cà Phê - Hồ Tùng Mậu,5.6
user489,A Tùng - Bánh Mì Bò Nướng Bơ Cambodia - Lê Hồng Phong,9.0
user490,Cô Thúy - Hột Vịt Lộn,1.0
user490,Texas Chicken - Nguyễn Thái Học,1.0
user491,Gà Rán & Burger Lotteria - HTV,2.6
user492,Quán Thảo Hiền - Đặc Sản Miền Trung,6.0
user493,The Pizza Company - Đường D2,3.4
user494,Phi Phi Quán - Cơm Gà Xối Mỡ,8.8
user495,SOI THÁI - Cống Quỳnh,9.2
user496,Súp Cua Nhà Thờ Đức Bà,7.0
user497,SOI THÁI - Cống Quỳnh,9.6
user498,Cơm Tấm Kiều Giang - Trần Quang Khải,5.6
user499,Domino’s Pizza - Hòa Bình,8.2
user500,Gà Rán KFC - Co.op Mart Nguyễn Ảnh Thủ - 2 Miếng Gà Xốt Mắm Tỏi,4.4
user500,Gà Rán KFC - Co.op Mart Nguyễn Ảnh Thủ - COMBO 2 NGƯỜI 124K,4.4
user500,Gà Rán KFC - Co.op Mart Nguyễn Ảnh Thủ - COMBO ĐẬM VỊ,4.4
user500,Gà Rán KFC - Co.op Mart Nguyễn Ảnh Thủ - COMBO ĐẬM ĐÀ,4.4
user500,Gà Rán KFC - Co.op Mart Nguyễn Ảnh Thủ - Combo Cơm Trưa Gà Mắm Tỏi,4.4
user500,Gà Rán KFC - Co.op Mart Nguyễn Ảnh Thủ - Combo Cơm Trưa Gà Viên Nanban,4.4
user500,Gà Rán KFC - Co.op Mart Nguyễn Ảnh Thủ - Combo Cơm Trưa Phi-lê Gà Quay,4.4
user500,Gà Rán KFC - Co.op Mart Nguyễn Ảnh Thủ - Combo Trưa Burger Tôm,4.4
user500,Gà Rán KFC - Co.op Mart Nguyễn Ảnh Thủ - Combo Trưa Mì Ý,4.4
user501,Gà Rán KFC - Co.op Mart Nguyễn Ảnh Thủ - 2 Miếng Gà Xốt Mắm Tỏi,7.8
user501,Gà Rán KFC - Co.op Mart Nguyễn Ảnh Thủ - COMBO 2 NGƯỜI 124K,7.8
user501,Gà Rán KFC - Co.op Mart Nguyễn Ảnh Thủ - COMBO ĐẬM VỊ,7.8
user501,Gà Rán KFC - Co.op Mart Nguyễn Ảnh Thủ - COMBO ĐẬM ĐÀ,7.8
user501,Gà Rán KFC - Co.op Mart Nguyễn Ảnh Thủ - Combo Cơm Trưa Gà Mắm Tỏi,7.8
user501,Gà Rán KFC - Co.op Mart Nguyễn Ảnh Thủ - Combo Cơm Trưa Gà Viên Nanban,7.8
user501,Gà Rán KFC - Co.op Mart Nguyễn Ảnh Thủ - Combo Cơm Trưa Phi-lê Gà Quay,7.8
user501,Gà Rán KFC - Co.op Mart Nguyễn Ảnh Thủ - Combo Trưa Burger Tôm,7.8
user501,Gà Rán KFC - Co.op Mart Nguyễn Ảnh Thủ - Combo Trưa Mì Ý,7.8
user502,Texas Chicken - Nguyễn Thái Học,2.1
user503,Phở 24 - Nguyễn Tri Phương,1.4
user504,Cơm Tấm Kiều Giang - Trần Quang Khải,5.8
user505,"Thiên Ân Quán - Cơm, Bún Riêu & Bún Mắm",3.8
user506,Trà Sữa Panda Milktea,7.0
user507,A Tùng - Bánh Mì Bò Nướng Bơ Cambodia - Lê Hồng Phong,8.0
user508,Kebab Sài Gòn - Nguyễn Thượng Hiền,6.0
user509,Pizza Hut - Hậu Giang,3.4
user510,Phi Phi Quán - Cơm Gà Xối Mỡ,10.0
user510,SteakZone,5.0
user511,Cơm Gà Xối Mỡ Su Su,5.6
user512,Moon Fast Food - Món Hàn - Trường Chinh,7.8
user513,Súp Cua Nhà Thờ Đức Bà,8.6
user513,YoGun - Korea Yogurt,9.0
user514,Xôi Gà Bà Chiểu,8.2
user515,Mì Xào Giòn - 111 Vạn Kiếp,10.0
user516,SteakZone,10.0
user517,Bà Hai - Bánh Xèo & Bánh Khọt,8.0
user517,Cheese Coffee - Hồng Bàng,8.0
user517,Gong Cha - Trà & Cà Phê - Hồ Tùng Mậu,7.0
user517,Gà Rán Popeyes - Điện Biên Phủ,7.0
user517,Texas Chicken - Nguyễn Thái Học,8.0
user518,Quán Thảo Hiền - Đặc Sản Miền Trung,2.4
user519,Bún Riêu & Canh Bún - Phan Đình Phùng,7.0
user520,Pizza Hut - Hậu Giang,10.0
user521,Mì Trộn Tên Lửa - 462 Trần Hưng Đạo,7.0
user522,Nhà Bún Đậu - Bún Đậu Mắm Tôm Hà Nội - Song Hành,4.2
user523,Cơm Tấm Sao Mai,8.6
user523,The Pizza Company - Đường D2,7.2
user524,Fruit Crush - Trái Cây Tươi & Ăn Vặt - Quận 1,8.2
user524,Phá Lấu Rubi - Nguyễn Hồng Đào,7.6
user525,Bà Hai - Bánh Xèo & Bánh Khọt,7.8
user526,Gà Rán Popeyes - Điện Biên Phủ,1.8
user527,Moon Fast Food - Món Hàn - Trường Chinh,9.4
user528,Jeju Quán - Món Ăn Hàn Quốc,9.6
user529,Papaxốt - Quang Trung,6.4
user530,Jeju Quán - Món Ăn Hàn Quốc,9.8
user531,KOI Thé - Phan Xích Long,1.0
user532,Jeju Quán - Món Ăn Hàn Quốc,9.0
user533,Jeju Quán - Món Ăn Hàn Quốc,9.4
user534,Cô Thúy - Hột Vịt Lộn,7.2
user535,Nem Nướng Nha Trang Bé Thảo,1.8
user536,"Highlands Coffee - Trà, Cà Phê & Bánh - Flora Thủ Đức",8.0
user537,Huyền - Bún Nước & Mì Cay Muối Ớt,1.0
user538,Cơm Gà Xối Mỡ Su Su,8.2
user539,Mì Trộn Tên Lửa - 462 Trần Hưng Đạo,3.4
user540,Cơm Tấm Kiều Giang - Trần Quang Khải,4.2
user541,Pizza Hut - Hậu Giang,2.0
user542,Cơm Tấm Kiều Giang - Trần Quang Khải,5.0
user543,KOI Thé - Võ Văn Ngân,1.0
user544,Hanuri - Quán Ăn Hàn Quốc - Nguyễn Đình Chiểu,8.2
user545,Tini Tea - Đường Số 42,7.2
user546,A Tùng - Bánh Mì Bò Nướng Bơ Cambodia - Lê Hồng Phong,1.0
user546,Cơm Tấm Kiều Giang - Trần Quang Khải,3.6
user547,Gà Rán & Burger Lotteria - HTV,1.0
user548,Gong Cha - Trà & Cà Phê - Hồ Tùng Mậu,4.4
user549,Cơm Tấm Kiều Giang - Trần Quang Khải,1.4
user550,Phi Phi Quán - Cơm Gà Xối Mỡ,9.8
user551,Domino’s Pizza - Hòa Bình,8.6
user552,Cơm Tấm Kiều Giang - Trần Quang Khải,2.8
user553,Gà Rán KFC - Co.op Mart Nguyễn Ảnh Thủ - 2 Miếng Gà Xốt Mắm Tỏi,7.8
user553,Gà Rán KFC - Co.op Mart Nguyễn Ảnh Thủ - COMBO 2 NGƯỜI 124K,7.8
user553,Gà Rán KFC - Co.op Mart Nguyễn Ảnh Thủ - COMBO ĐẬM VỊ,7.8
user553,Gà Rán KFC - Co.op Mart Nguyễn Ảnh Thủ - COMBO ĐẬM ĐÀ,7.8
user553,Gà Rán KFC - Co.op Mart Nguyễn Ảnh Thủ - Combo Cơm Trưa Gà Mắm Tỏi,7.8
user553,Gà Rán KFC - Co.op Mart Nguyễn Ảnh Thủ - Combo Cơm Trưa Gà Viên Nanban,7.8
user553,Gà Rán KFC - Co.op Mart Nguyễn Ảnh Thủ - Combo Cơm Trưa Phi-lê Gà Quay,7.8
user553,Gà Rán KFC - Co.op Mart Nguyễn Ảnh Thủ - Combo Trưa Burger Tôm,7.8
user553,Gà Rán KFC - Co.op Mart Nguyễn Ảnh Thủ - Combo Trưa Mì Ý,7.8
user554,Mì Xào Giòn - 111 Vạn Kiếp,9.2
user555,Tuấn Cò - Cơm Gà Xối Mỡ,10.0
user556,Gà Rán KFC - Co.op Mart Nguyễn Ảnh Thủ - 2 Miếng Gà Xốt Mắm Tỏi,8.0
user556,Gà Rán KFC - Co.op Mart Nguyễn Ảnh Thủ - COMBO 2 NGƯỜI 124K,8.0
user556,Gà Rán KFC - Co.op Mart Nguyễn Ảnh Thủ - COMBO ĐẬM VỊ,8.0
user556,Gà Rán KFC - Co.op Mart Nguyễn Ảnh Thủ - COMBO ĐẬM ĐÀ,8.0
user556,Gà Rán KFC - Co.op Mart Nguyễn Ảnh Thủ - Combo Cơm Trưa Gà Mắm Tỏi,8.0
user556,Gà Rán KFC - Co.op Mart Nguyễn Ảnh Thủ - Combo Cơm Trưa Gà Viên Nanban,8.0
user556,Gà Rán KFC - Co.op Mart Nguyễn Ảnh Thủ - Combo Cơm Trưa Phi-lê Gà Quay,8.0
user556,Gà Rán KFC - Co.op Mart Nguyễn Ảnh Thủ - Combo Trưa Burger Tôm,8.0
user556,Gà Rán KFC - Co.op Mart Nguyễn Ảnh Thủ - Combo Trưa Mì Ý,8.0
user557,Gong Cha - Trà & Cà Phê - Hồ Tùng Mậu,9.6
user558,Tiệm Cô Béo Bún Thái Lan,7.6
user559,SteakZone,10.0
user560,Gà Rán KFC - Co.op Mart Nguyễn Ảnh Thủ - 2 Miếng Gà Xốt Mắm Tỏi,6.9
user560,Gà Rán KFC - Co.op Mart Nguyễn Ảnh Thủ - COMBO 2 NGƯỜI 124K,6.9
user560,Gà Rán KFC - Co.op Mart Nguyễn Ảnh Thủ - COMBO ĐẬM VỊ,6.9
user560,Gà Rán KFC - Co.op Mart Nguyễn Ảnh Thủ - COMBO ĐẬM ĐÀ,6.9
user560,Gà Rán KFC - Co.op Mart Nguyễn Ảnh Thủ - Combo Cơm Trưa Gà Mắm Tỏi,6.9
user560,Gà Rán KFC - Co.op Mart Nguyễn Ảnh Thủ - Combo Cơm Trưa Gà Viên Nanban,6.9
user560,Gà Rán KFC - Co.op Mart Nguyễn Ảnh Thủ - Combo Cơm Trưa Phi-lê Gà Quay,6.9
user560,Gà Rán KFC - Co.op Mart Nguyễn Ảnh Thủ - Combo Trưa Burger Tôm,6.9
user560,Gà Rán KFC - Co.op Mart Nguyễn Ảnh Thủ - Combo Trưa Mì Ý,6.9
user561,Súp Cua Nhà Thờ Đức Bà,6.2
user562,Mì Trộn Tên Lửa - 462 Trần Hưng Đạo,5.0
user563,Gà Rán KFC - Central Plaza,7.400000000000001
user564,Chè Thái Út Lyly,10.0
user565,Bánh Cuốn Ba Miền - Trường Chinh,6.8
user566,Quán 79 Nem Nướng,9.2
user567,Jeju Quán - Món Ăn Hàn Quốc,9.2
user568,SteakZone,5.0
user569,SteakZone,8.4
user570,Papas' Chicken - Gà Rán Hàn Quốc - Hoàng Văn Thụ,1.8
user571,KOI Thé - Phan Xích Long,4.2
user572,A Tùng - Bánh Mì Bò Nướng Bơ Cambodia - Lê Hồng Phong,8.2
user572,Gà Rán & Burger McDonald’s Vincom Masteri,5.0
user572,Gà Rán Popeyes - Điện Biên Phủ,7.2
user572,Papas' Chicken - Gà Rán Hàn Quốc - Hoàng Văn Thụ,8.2
user573,Quán Thảo Hiền - Đặc Sản Miền Trung,6.8
user574,Buzza Pizza - Nowzone,10.0
user575,Papaxốt - Quang Trung,3.0
user576,Gong Cha - Trà & Cà Phê - Hồ Tùng Mậu,5.0
user577,Tiệm Cô Béo Bún Thái Lan,8.4
user578,Cheese Coffee - Hồng Bàng,8.4
user579,Quán Chà Bá - Mực Chiên & Bò Viên - Mai Xuân Thưởng,10.0
user580,Cơm Tấm Tú Mập - Đồng Đen,3.6
user581,Papaxốt - Quang Trung,8.4
user582,Phá Lấu Rubi - Nguyễn Hồng Đào,4.8
user583,TOUS les JOURS - Nguyễn Thị Minh Khai,3.2
user584,Quán Chà Bá - Mực Chiên & Bò Viên - Mai Xuân Thưởng,10.0
user585,Mì Trộn Tên Lửa - 462 Trần Hưng Đạo,2.8
user586,Quán Nem - Nem Cua Biển & Bún Chả - Nguyễn Thị Minh Khai,5.0
user587,Trà Sữa Tiên Hưởng Gotcha - Huỳnh Mẫn Đạt,9.2
user588,Phá Lấu Rubi - Nguyễn Hồng Đào,2.6
user589,Quán Thảo Hiền - Đặc Sản Miền Trung,6.6
user590,Quán Nem - Nem Cua Biển & Bún Chả - Nguyễn Thị Minh Khai,5.4
user591,Pad Thái Tôm - Món Thái Ngon - Shop Online,5.0
user592,Gà Rán & Burger Lotteria - HTV,7.8
user593,Cơm Tấm Tú Mập - Đồng Đen,3.4
user594,Gà Nướng Lu Việt Hương - Lê Quang Định,1.4
user595,Bà Hai - Bánh Xèo & Bánh Khọt,6.8
user595,Nem Nướng Nha Trang Bé Thảo,3.4
user596,Gà rán và Mì Ý - Jollibee - Pasteur,8.2
user597,Huyền - Bún Nước & Mì Cay Muối Ớt,2.2
user598,Cơm Tấm Kiều Giang - Trần Quang Khải,1.0
user599,Kebaby - Doner Kebab,9.4
user600,Tini Tea - Đường Số 42,2.2
user601,Chè Hà Ký - Châu Văn Liêm,6.6
user602,Gà Rán & Burger McDonald’s Vincom Masteri,8.6
user603,Cheese Coffee - Hồng Bàng,3.4
user604,Chè Hà Ký - Châu Văn Liêm,3.6
user605,Gà rán và Mì Ý - Jollibee - Pasteur,9.4
user606,Tuấn Cò - Cơm Gà Xối Mỡ,10.0
user607,Papaxốt - Quang Trung,4.0
user608,Tiệm Bánh Mỹ Phụng,6.0
user609,Cơm Gà Xối Mỡ Su Su,5.4
user610,Cô Thúy - Hột Vịt Lộn,1.0
user611,Quán Thảo Hiền - Đặc Sản Miền Trung,2.6
user612,Buzza Pizza - Nowzone,6.0
user612,Domino’s Pizza - Hòa Bình,7.8
user612,Papas' Chicken - Gà Rán Hàn Quốc - Hoàng Văn Thụ,7.4
user612,TOUS les JOURS - Nguyễn Thị Minh Khai,7.6
user612,YoGun - Korea Yogurt,7.4
user613,Quán Chay Hoa Sen - Nguyễn Nhữ Lãm,7.2
user614,Quán Nem - Nem Cua Biển & Bún Chả - Nguyễn Thị Minh Khai,2.6
user615,Tiệm Cô Béo Bún Thái Lan,9.333333333333334
user616,Gà Rán KFC - Co.op Mart Nguyễn Ảnh Thủ,4.2
user616,Gà Rán KFC - Co.op Mart Nguyễn Ảnh Thủ - 2 Miếng Gà Xốt Mắm Tỏi,4.2
user616,Gà Rán KFC - Co.op Mart Nguyễn Ảnh Thủ - COMBO 2 NGƯỜI 124K,4.2
user616,Gà Rán KFC - Co.op Mart Nguyễn Ảnh Thủ - COMBO ĐẬM VỊ,4.2
user616,Gà Rán KFC - Co.op Mart Nguyễn Ảnh Thủ - COMBO ĐẬM ĐÀ,4.2
user616,Gà Rán KFC - Co.op Mart Nguyễn Ảnh Thủ - Combo Cơm Trưa Gà Mắm Tỏi,4.2
user616,Gà Rán KFC - Co.op Mart Nguyễn Ảnh Thủ - Combo Cơm Trưa Gà Viên Nanban,4.2
user616,Gà Rán KFC - Co.op Mart Nguyễn Ảnh Thủ - Combo Cơm Trưa Phi-lê Gà Quay,4.2
user616,Gà Rán KFC - Co.op Mart Nguyễn Ảnh Thủ - Combo Trưa Burger Tôm,4.2
user616,Gà Rán KFC - Co.op Mart Nguyễn Ảnh Thủ - Combo Trưa Mì Ý,4.2
user617,Gà Rán Popeyes - Tùng Thiện Vương,7.8
user617,Mì Trộn Tên Lửa - 462 Trần Hưng Đạo,7.2
user618,Fruit Crush - Trái Cây Tươi & Ăn Vặt - Quận 1,9.0
user619,Phá Lấu Rubi - Nguyễn Hồng Đào,4.2
user620,Cháo Sườn Bé Hiền - Súp Cua & Bún Bò,8.0
user621,Ốc Tô - Xóm Chiếu,1.0
user622,Cơm Gà Hải Nam - Hậu Giang,5.0
user623,Cơm Tấm Tú Mập - Đồng Đen,3.8
user624,Trà Sữa Tiên Hưởng Gotcha - Huỳnh Mẫn Đạt,4.0
user625,Trà Sữa Tiên Hưởng Gotcha - Huỳnh Mẫn Đạt,4.6
user626,Gà Rán KFC - Central Plaza,3.0
user627,Phúc Long Lê Đức Thọ,4.2
user628,Quán Chà Bá - Mực Chiên & Bò Viên - Mai Xuân Thưởng,5.0
user629,KOI Thé - Võ Văn Ngân,9.6
user630,Fruit Crush - Trái Cây Tươi & Ăn Vặt - Quận 1,8.8
user631,Pad Thái Tôm - Món Thái Ngon - Shop Online,10.0
user632,A Tùng - Bánh Mì Bò Nướng Bơ Cambodia - Lê Hồng Phong,1.6
user633,"Quán 567 - Sinh Tố, Nước Ép, Giải Khát",2.6
user634,Quán Thảo Hiền - Đặc Sản Miền Trung,9.0
user635,"3 Râu - Gà Rán, Pizza & Trà Sữa - Cây Trâm",9.100000000000001
user636,Điểm Tâm 288 - Bún Thịt Xào & Cháo Bắc Thảo,5.0
user637,Gà Nướng Lu Việt Hương - Lê Quang Định,7.8
user638,Quán Chà Bá - Mực Chiên & Bò Viên - Mai Xuân Thưởng,10.0
user639,Quán Thảo Hiền - Đặc Sản Miền Trung,4.0
user640,Cơm Gà Hải Nam - Hậu Giang,5.0
user641,Cháo Sườn Bé Hiền - Súp Cua & Bún Bò,8.0
user642,KOI Thé - Võ Văn Ngân,7.8
user643,Bánh Cuốn Ba Miền - Trường Chinh,7.8
user643,TOUS les JOURS - Nguyễn Thị Minh Khai,4.0
user644,Gà Rán Popeyes - Điện Biên Phủ,2.8
user645,Ốc Tô - Xóm Chiếu,6.0
user646,Fruit Crush - Trái Cây Tươi & Ăn Vặt - Quận 1,10.0
user647,Trà Sữa Tiên Hưởng Cotcha - Tản Đà,9.4
user648,Gà Rán & Burger McDonald’s Vincom Masteri,8.0
user648,KOI Thé - Võ Văn Ngân,8.2
user648,Quán Phương Ký - Cơm Chiên & Mì Xào,8.2
user649,Cháo Sườn Chú Chen - Nguyễn Trãi,9.8
user649,Xôi Gà Bà Chiểu,1.0
user650,Cơm Tấm Kiều Giang - Trần Quang Khải,1.0
user651,Gà Rán Popeyes - Điện Biên Phủ,4.6
user652,Cơm Tấm Cô Hoa - Ngô Quyền,7.0
user652,Phở 24 - Nguyễn Tri Phương,7.4
user652,TOUS les JOURS - Nguyễn Thị Minh Khai,1.0
user653,Pizza Hut - Hậu Giang,8.8
user654,Mì Trộn Tên Lửa - 462 Trần Hưng Đạo,4.2
user655,Fruit Crush - Trái Cây Tươi & Ăn Vặt - Quận 1,9.6
user656,Trà Sữa Panda Milktea,7.2
user657,Bún Thịt Nướng Anh Ba,1.0
user658,Tiệm Cô Béo Bún Thái Lan,8.6
user659,Gà Rán Popeyes - Tùng Thiện Vương,1.0
user660,Quán 79 Nem Nướng,1.8
user661,Cô Thúy - Hột Vịt Lộn,4.6
user662,Cơm Tấm Tú Mập - Đồng Đen,7.2
user663,Mì Trộn Tên Lửa - 462 Trần Hưng Đạo,6.6
user663,Ốc Tô - Xóm Chiếu,1.0
user664,Papas' Chicken - Gà Rán Hàn Quốc - Hoàng Văn Thụ,6.6
user665,Gà Nướng Anh Tư,8.6
user666,Bún Nước Tương Mr Nhoi - Nguyễn Thượng Hiền,5.0
user667,Mì Xào Giòn - 111 Vạn Kiếp,1.0
user668,Gong Cha - Trà & Cà Phê - Hồ Tùng Mậu,7.2
user669,Huyền - Bún Nước & Mì Cay Muối Ớt,1.0
user670,Cô Thúy - Hột Vịt Lộn,1.8
user671,"3 Râu - Gà Rán, Pizza & Trà Sữa - Cây Trâm",5.6
user672,Tiệm Cô Béo Bún Thái Lan,8.2
user673,Gà Rán Popeyes - Tùng Thiện Vương,5.0
user674,A Tùng - Bánh Mì Bò Nướng Bơ Cambodia - Lê Hồng Phong,4.2
user675,"Cơm Gà, Cháo, Miến Gỏi Gà Ta Tường Vy - Lữ Gia",9.6
user676,Gà Rán Popeyes - Điện Biên Phủ,5.0
user676,Kebab Sài Gòn - Nguyễn Thượng Hiền,4.0
user677,Tiệm Cô Béo Bún Thái Lan,7.6
user678,Gà Rán Popeyes - Điện Biên Phủ,8.3
user679,A Tùng - Bánh Mì Bò Nướng Bơ Cambodia - Lê Hồng Phong,5.0
user680,Gà Rán Popeyes - Điện Biên Phủ,3.2
user681,Gà Rán KFC - Co.op Mart Nguyễn Ảnh Thủ - 2 Miếng Gà Xốt Mắm Tỏi,5.8
user681,Gà Rán KFC - Co.op Mart Nguyễn Ảnh Thủ - COMBO 2 NGƯỜI 124K,5.8
user681,Gà Rán KFC - Co.op Mart Nguyễn Ảnh Thủ - COMBO ĐẬM VỊ,5.8
user681,Gà Rán KFC - Co.op Mart Nguyễn Ảnh Thủ - COMBO ĐẬM ĐÀ,5.8
user681,Gà Rán KFC - Co.op Mart Nguyễn Ảnh Thủ - Combo Cơm Trưa Gà Mắm Tỏi,5.8
user681,Gà Rán KFC - Co.op Mart Nguyễn Ảnh Thủ - Combo Cơm Trưa Gà Viên Nanban,5.8
user681,Gà Rán KFC - Co.op Mart Nguyễn Ảnh Thủ - Combo Cơm Trưa Phi-lê Gà Quay,5.8
user681,Gà Rán KFC - Co.op Mart Nguyễn Ảnh Thủ - Combo Trưa Burger Tôm,5.8
user681,Gà Rán KFC - Co.op Mart Nguyễn Ảnh Thủ - Combo Trưa Mì Ý,5.8
user682,Bún Nước Tương Mr Nhoi - Nguyễn Thượng Hiền,9.62857142857143
user683,Buzza Pizza - Nowzone,8.8
user684,Cơm Tấm Kiều Giang - Trần Quang Khải,6.4
user685,Pad Thái Tôm - Món Thái Ngon - Shop Online,9.0
user686,Fruit Crush - Trái Cây Tươi & Ăn Vặt - Quận 1,8.8
user687,Gà Rán Popeyes - Điện Biên Phủ,6.0
user688,Bà Hai - Bánh Xèo & Bánh Khọt,8.0
user689,KOI Thé - Phan Xích Long,7.0
user690,Hanuri - Quán Ăn Hàn Quốc - Nguyễn Đình Chiểu,10.0
user691,Bún Thịt Nướng Anh Ba,8.0
user692,Papaxốt - Quang Trung,7.4
user693,Bà Hai - Bánh Xèo & Bánh Khọt,7.0
user693,FA - Bánh Tráng Trứng Muối Mỡ Hành,7.6
user694,SOI THÁI - Cống Quỳnh,7.8
user695,Quán Chà Bá - Mực Chiên & Bò Viên - Mai Xuân Thưởng,10.0
user696,Cơm Tấm Tú Mập - Đồng Đen,9.8
user696,Kebaby - Doner Kebab,9.6
user696,Texas Chicken - Nguyễn Thái Học,9.8
user697,Bún Thịt Nướng Anh Ba,4.2
user698,Gà Nướng Anh Tư,7.0
user698,Gà Rán KFC - Co.op Mart Nguyễn Ảnh Thủ - 2 Miếng Gà Xốt Mắm Tỏi,8.0
user698,Gà Rán KFC - Co.op Mart Nguyễn Ảnh Thủ - COMBO 2 NGƯỜI 124K,8.0
user698,Gà Rán KFC - Co.op Mart Nguyễn Ảnh Thủ - COMBO ĐẬM VỊ,8.0
user698,Gà Rán KFC - Co.op Mart Nguyễn Ảnh Thủ - COMBO ĐẬM ĐÀ,8.0
user698,Gà Rán KFC - Co.op Mart Nguyễn Ảnh Thủ - Combo Cơm Trưa Gà Mắm Tỏi,8.0
user698,Gà Rán KFC - Co.op Mart Nguyễn Ảnh Thủ - Combo Cơm Trưa Gà Viên Nanban,8.0
user698,Gà Rán KFC - Co.op Mart Nguyễn Ảnh Thủ - Combo Cơm Trưa Phi-lê Gà Quay,8.0
user698,Gà Rán KFC - Co.op Mart Nguyễn Ảnh Thủ - Combo Trưa Burger Tôm,8.0
user698,Gà Rán KFC - Co.op Mart Nguyễn Ảnh Thủ - Combo Trưa Mì Ý,8.0
user698,Gà Rán Popeyes - Tùng Thiện Vương,6.8
user698,Gà Rán Popeyes - Điện Biên Phủ,6.4
user699,Gà rán và Mì Ý - Jollibee - Pasteur,5.8
user700,Cơm Gà Hải Nam - Hậu Giang,10.0
user701,Gà Rán Popeyes - Điện Biên Phủ,6.0
user702,Cháo Sườn Chú Chen - Nguyễn Trãi,8.0
user702,Gà Rán Popeyes - Tùng Thiện Vương,7.6
user702,The Pizza Company - Đường D2,8.0
user703,Cô Thủy - Quán Ăn Vặt - Lê Thúc Hoạch,7.4
user704,Cháo Sườn Chú Chen - Nguyễn Trãi,2.6
user705,"3 Râu - Gà Rán, Pizza & Trà Sữa - Cây Trâm",5.6
user705,A Tùng - Bánh Mì Bò Nướng Bơ Cambodia - Lê Hồng Phong,7.0
user705,Bánh Cuốn Ba Miền - Trường Chinh,6.6
user705,Gà Rán & Burger McDonald’s Vincom Masteri,7.6
user705,Papaxốt - Quang Trung,7.0
user706,Mì Xào Giòn - 111 Vạn Kiếp,5.2
user706,TOUS les JOURS - Nguyễn Thị Minh Khai,7.2
user706,Điểm Tâm 288 - Bún Thịt Xào & Cháo Bắc Thảo,8.4
user707,Điểm Tâm 288 - Bún Thịt Xào & Cháo Bắc Thảo,7.4
user708,A Tùng - Bánh Mì Bò Nướng Bơ Cambodia - Lê Hồng Phong,7.4
user708,Hanuri - Quán Ăn Hàn Quốc - Nguyễn Đình Chiểu,8.0
user708,Phi Phi Quán - Cơm Gà Xối Mỡ,7.6
user708,Phá Lấu Rubi - Nguyễn Hồng Đào,7.0
user708,Súp Cua Nhà Thờ Đức Bà,7.6
user708,Tiệm Cô Béo Bún Thái Lan,7.4
user709,Chè HongKong - 港式糖水 - Phan Phú Tiên,5.0
user710,Gong Cha - Trà & Cà Phê - Hồ Tùng Mậu,10.0
user711,Gà Nướng Lu Việt Hương - Lê Quang Định,6.0
user712,Cơm Tấm Tú Mập - Đồng Đen,7.2
user713,Bún Thịt Nướng Anh Ba,10.0
user714,Cô Thúy - Hột Vịt Lộn,6.2
user714,Quán Thảo Hiền - Đặc Sản Miền Trung,6.4
user715,Quán Thúy 94 - Miến Cua,7.2
user716,Phúc Long Lê Văn Sỹ,3.4
user717,Gà rán và Mì Ý - Jollibee - Pasteur,8.2
user717,Kebab Sài Gòn - Nguyễn Thượng Hiền,6.2
user718,Cơm Tấm Kiều Giang - Trần Quang Khải,8.4
user719,Jeju Quán - Món Ăn Hàn Quốc,7.6
user720,Papaxốt - Quang Trung,5.0
user721,"3 Râu - Gà Rán, Pizza & Trà Sữa - Cây Trâm",9.4
user722,Nem Nướng Nha Trang Bé Thảo,5.8
user723,"3 Râu - Gà Rán, Pizza & Trà Sữa - Cây Trâm",9.4
user724,Nem Nướng Nha Trang Bé Thảo,7.2
user725,Nhà Bún Đậu - Bún Đậu Mắm Tôm Hà Nội - Song Hành,8.6
user726,"Quán 567 - Sinh Tố, Nước Ép, Giải Khát",3.4
user727,Bún Thịt Nướng Anh Ba,1.0
user728,Trà Sữa Wozzi,8.2
user729,Trà Sữa Tiên Hưởng Gotcha - Huỳnh Mẫn Đạt,4.2
user730,SteakZone,5.0
user731,Tiệm Bánh Mỹ Phụng,1.0
user732,Domino’s Pizza - Hòa Bình,9.8
user733,Cháo Sườn Chú Chen - Nguyễn Trãi,7.0
user734,Cơm Tấm Cô Hoa - Ngô Quyền,5.2
user735,Chị Mai - Bánh Tráng Trộn & Nước Cam,9.6
user736,Cơm Tấm Tú Mập - Đồng Đen,1.0
user737,Cơm Tấm Sao Mai,5.0
user738,Nhà Bún Đậu - Bún Đậu Mắm Tôm Hà Nội - Song Hành,8.8
user739,Mì Xào Giòn - 111 Vạn Kiếp,8.4
user740,Cơm Tấm Cô Hoa - Ngô Quyền,3.4
user741,Tuấn Cò - Cơm Gà Xối Mỡ,5.0
user742,The Pizza Company - Đường D2,5.0
user743,Xôi Gà Bà Chiểu,8.4
user744,Tiệm Cô Béo Bún Thái Lan,8.6
user745,Gong Cha - Trà & Cà Phê - Hồ Tùng Mậu,9.0
user746,Nem Nướng Nha Trang Bé Thảo,3.0
user747,Quán 79 Nem Nướng,1.0
user747,Trà Sữa Wozzi,3.4
user748,Cơm Tấm Tú Mập - Đồng Đen,8.3
user749,Gà Rán Popeyes - Điện Biên Phủ,9.0
user750,Cheese Coffee - Hồng Bàng,7.8
user751,"Cơm Gà, Cháo, Miến Gỏi Gà Ta Tường Vy - Lữ Gia",9.8
user752,Tiệm Cô Béo Bún Thái Lan,8.0
user753,A Tùng - Bánh Mì Bò Nướng Bơ Cambodia - Lê Hồng Phong,4.2
user754,Gà Rán KFC - Co.op Mart Nguyễn Ảnh Thủ - 2 Miếng Gà Xốt Mắm Tỏi,6.0
user754,Gà Rán KFC - Co.op Mart Nguyễn Ảnh Thủ - COMBO 2 NGƯỜI 124K,6.0
user754,Gà Rán KFC - Co.op Mart Nguyễn Ảnh Thủ - COMBO ĐẬM VỊ,6.0
user754,Gà Rán KFC - Co.op Mart Nguyễn Ảnh Thủ - COMBO ĐẬM ĐÀ,6.0
user754,Gà Rán KFC - Co.op Mart Nguyễn Ảnh Thủ - Combo Cơm Trưa Gà Mắm Tỏi,6.0
user754,Gà Rán KFC - Co.op Mart Nguyễn Ảnh Thủ - Combo Cơm Trưa Gà Viên Nanban,6.0
user754,Gà Rán KFC - Co.op Mart Nguyễn Ảnh Thủ - Combo Cơm Trưa Phi-lê Gà Quay,6.0
user754,Gà Rán KFC - Co.op Mart Nguyễn Ảnh Thủ - Combo Trưa Burger Tôm,6.0
user754,Gà Rán KFC - Co.op Mart Nguyễn Ảnh Thủ - Combo Trưa Mì Ý,6.0
user755,Gà Rán KFC - Co.op Mart Nguyễn Ảnh Thủ - 2 Miếng Gà Xốt Mắm Tỏi,4.8
user755,Gà Rán KFC - Co.op Mart Nguyễn Ảnh Thủ - COMBO 2 NGƯỜI 124K,4.8
user755,Gà Rán KFC - Co.op Mart Nguyễn Ảnh Thủ - COMBO ĐẬM VỊ,4.8
user755,Gà Rán KFC - Co.op Mart Nguyễn Ảnh Thủ - COMBO ĐẬM ĐÀ,4.8
user755,Gà Rán KFC - Co.op Mart Nguyễn Ảnh Thủ - Combo Cơm Trưa Gà Mắm Tỏi,4.8
user755,Gà Rán KFC - Co.op Mart Nguyễn Ảnh Thủ - Combo Cơm Trưa Gà Viên Nanban,4.8
user755,Gà Rán KFC - Co.op Mart Nguyễn Ảnh Thủ - Combo Cơm Trưa Phi-lê Gà Quay,4.8
user755,Gà Rán KFC - Co.op Mart Nguyễn Ảnh Thủ - Combo Trưa Burger Tôm,4.8
user755,Gà Rán KFC - Co.op Mart Nguyễn Ảnh Thủ - Combo Trưa Mì Ý,4.8
user756,Kebaby - Doner Kebab,8.8
user757,Gà rán và Mì Ý - Jollibee - Pasteur,8.0
user757,Súp Cua Nhà Thờ Đức Bà,8.2
user757,Trà Sữa Tiên Hưởng Gotcha - Huỳnh Mẫn Đạt,7.0
user758,Kebaby - Doner Kebab,8.2
user759,Quán 79 Nem Nướng,2.2
user760,Xôi Gà Bà Chiểu,1.0
user761,Bà Hai - Bánh Xèo & Bánh Khọt,7.6
user761,Cheese Coffee - Hồng Bàng,8.8
user761,Gà rán và Mì Ý - Jollibee - Pasteur,7.6
user761,Papas' Chicken - Gà Rán Hàn Quốc - Hoàng Văn Thụ,8.0
user762,Súp Cua Nhà Thờ Đức Bà,9.4
user763,Fruit Crush - Trái Cây Tươi & Ăn Vặt - Quận 1,9.8
user764,Cơm Gà Hải Nam - Hậu Giang,5.0
user764,Gỏi Khô Bò - Công Viên Lê Văn Tám,5.0
user765,Bún Riêu & Canh Bún - Phan Đình Phùng,4.0
user766,A Tùng - Bánh Mì Bò Nướng Bơ Cambodia - Lê Hồng Phong,1.0
user767,Chè HongKong - 港式糖水 - Phan Phú Tiên,6.8
user768,Tuấn Cò - Cơm Gà Xối Mỡ,10.0
user769,Papas' Chicken - Gà Rán Hàn Quốc - Hoàng Văn Thụ,6.0
user769,"Thiên Ân Quán - Cơm, Bún Riêu & Bún Mắm",6.0
user770,Papas' Chicken - Gà Rán Hàn Quốc - Hoàng Văn Thụ,4.4
user771,Mì Trộn Tên Lửa - 462 Trần Hưng Đạo,1.0
user772,Cơm Tấm Kiều Giang - Trần Quang Khải,3.8
user773,Fruit Crush - Trái Cây Tươi & Ăn Vặt - Quận 1,10.0
user774,SteakZone,5.0
user775,Gà Rán Popeyes - Điện Biên Phủ,7.0
user776,Xôi Gà Bà Chiểu,2.2
user777,Ốc Tô - Xóm Chiếu,10.0
user778,Pad Thái Tôm - Món Thái Ngon - Shop Online,8.8
user779,Trà Sữa Tiên Hưởng Gotcha - Huỳnh Mẫn Đạt,9.0
user780,Pad Thái Tôm - Món Thái Ngon - Shop Online,9.8
user781,Kebab Sài Gòn - Nguyễn Thượng Hiền,3.8
user781,Papaxốt - Quang Trung,10.0
user782,"Cơm Gà, Cháo, Miến Gỏi Gà Ta Tường Vy - Lữ Gia",9.6
user783,Gà Nướng Lu Việt Hương - Lê Quang Định,4.2
user784,Phi Phi Quán - Cơm Gà Xối Mỡ,10.0
user785,Texas Chicken - Nguyễn Thái Học,4.2
user786,Gà Rán & Burger Lotteria - HTV,1.0
user787,A Tùng - Bánh Mì Bò Nướng Bơ Cambodia - Lê Hồng Phong,7.4
user788,Gà Rán KFC - Co.op Mart Nguyễn Ảnh Thủ - 2 Miếng Gà Xốt Mắm Tỏi,6.8
user788,Gà Rán KFC - Co.op Mart Nguyễn Ảnh Thủ - COMBO 2 NGƯỜI 124K,6.8
user788,Gà Rán KFC - Co.op Mart Nguyễn Ảnh Thủ - COMBO ĐẬM VỊ,6.8
user788,Gà Rán KFC - Co.op Mart Nguyễn Ảnh Thủ - COMBO ĐẬM ĐÀ,6.8
user788,Gà Rán KFC - Co.op Mart Nguyễn Ảnh Thủ - Combo Cơm Trưa Gà Mắm Tỏi,6.8
user788,Gà Rán KFC - Co.op Mart Nguyễn Ảnh Thủ - Combo Cơm Trưa Gà Viên Nanban,6.8
user788,Gà Rán KFC - Co.op Mart Nguyễn Ảnh Thủ - Combo Cơm Trưa Phi-lê Gà Quay,6.8
user788,Gà Rán KFC - Co.op Mart Nguyễn Ảnh Thủ - Combo Trưa Burger Tôm,6.8
user788,Gà Rán KFC - Co.op Mart Nguyễn Ảnh Thủ - Combo Trưa Mì Ý,6.8
user789,Cơm Gà Hải Nam - Hậu Giang,5.0
user789,Fruit Crush - Trái Cây Tươi & Ăn Vặt - Quận 1,8.6
user789,Gỏi Khô Bò - Công Viên Lê Văn Tám,5.0
user790,Chị Hà - Bánh Tráng Trộn & Bánh Mì Nướng Muối Ớt,10.0
user791,Hanuri - Quán Ăn Hàn Quốc - Nguyễn Đình Chiểu,8.2
user792,Phở 24 - Nguyễn Tri Phương,6.4
user793,Gỏi Khô Bò - Công Viên Lê Văn Tám,0.0
user794,Phá Lấu Rubi - Nguyễn Hồng Đào,5.0
user795,Cơm Gà Xối Mỡ Su Su,4.6
user796,Gà Nướng Lu Việt Hương - Lê Quang Định,8.6
user797,Gà Rán KFC - Co.op Mart Nguyễn Ảnh Thủ,8.2
user797,Gà Rán KFC - Co.op Mart Nguyễn Ảnh Thủ - 2 Miếng Gà Xốt Mắm Tỏi,8.2
user797,Gà Rán KFC - Co.op Mart Nguyễn Ảnh Thủ - COMBO 2 NGƯỜI 124K,8.2
user797,Gà Rán KFC - Co.op Mart Nguyễn Ảnh Thủ - COMBO ĐẬM VỊ,8.2
user797,Gà Rán KFC - Co.op Mart Nguyễn Ảnh Thủ - COMBO ĐẬM ĐÀ,8.2
user797,Gà Rán KFC - Co.op Mart Nguyễn Ảnh Thủ - Combo Cơm Trưa Gà Mắm Tỏi,8.2
user797,Gà Rán KFC - Co.op Mart Nguyễn Ảnh Thủ - Combo Cơm Trưa Gà Viên Nanban,8.2
user797,Gà Rán KFC - Co.op Mart Nguyễn Ảnh Thủ - Combo Cơm Trưa Phi-lê Gà Quay,8.2
user797,Gà Rán KFC - Co.op Mart Nguyễn Ảnh Thủ - Combo Trưa Burger Tôm,8.2
user797,Gà Rán KFC - Co.op Mart Nguyễn Ảnh Thủ - Combo Trưa Mì Ý,8.2
user798,Fruit Crush - Trái Cây Tươi & Ăn Vặt - Quận 1,9.8
user799,Phúc Long Lê Văn Sỹ,5.0
user800,Xôi Gà Bà Chiểu,4.2
user801,Cơm Tấm Tú Mập - Đồng Đen,3.6
user801,Pizza Hut - Hậu Giang,3.8
user802,Cơm Tấm Kiều Giang - Trần Quang Khải,3.0
user803,Gà Nướng Lu Việt Hương - Lê Quang Định,6.4
user803,Hanuri - Quán Ăn Hàn Quốc - Nguyễn Đình Chiểu,9.0
user804,Gà Nướng Anh Tư,7.0
user805,Bà Hai - Bánh Xèo & Bánh Khọt,5.0
user806,Tiệm Bánh Mỹ Phụng,8.8
user807,Tiệm Bánh Mỹ Phụng,7.4
user808,Cô Thủy - Quán Ăn Vặt - Lê Thúc Hoạch,6.4
user808,Gà Rán & Burger Lotteria - HTV,6.2
user809,Cháo Sườn Bé Hiền - Súp Cua & Bún Bò,2.6
user810,Phở 24 - Nguyễn Tri Phương,9.8
user811,"Thiên Ân Quán - Cơm, Bún Riêu & Bún Mắm",3.4
user812,Gà Nướng Anh Tư,8.4
user813,Nhà Bún Đậu - Bún Đậu Mắm Tôm Hà Nội - Song Hành,9.0
user814,Cơm Gà Hải Nam - Hậu Giang,5.0
user814,Gỏi Khô Bò - Công Viên Lê Văn Tám,5.2
user815,Trà Sữa Tiên Hưởng Cotcha - Tản Đà,3.4
user816,Nhà Bún Đậu - Bún Đậu Mắm Tôm Hà Nội - Song Hành,9.0
user817,Cơm Tấm Kiều Giang - Trần Quang Khải,1.0
user817,Phúc Long Lê Văn Sỹ,1.0
user817,Tiệm Cô Béo Bún Thái Lan,7.6
user818,Kebaby - Doner Kebab,7.6
user819,A Tùng - Bánh Mì Bò Nướng Bơ Cambodia - Lê Hồng Phong,8.8
user820,Buzza Pizza - Nowzone,10.0
user821,Nem Nướng Nha Trang Bé Thảo,1.0
user822,Gà Nướng Lu Việt Hương - Lê Quang Định,8.4
user823,Trà Sữa Wozzi,1.0
user824,Fruit Crush - Trái Cây Tươi & Ăn Vặt - Quận 1,3.4
user825,Moon Fast Food - Món Hàn - Trường Chinh,9.8
user826,Nhà Bún Đậu - Bún Đậu Mắm Tôm Hà Nội - Song Hành,7.8
user827,TOUS les JOURS - Nguyễn Thị Minh Khai,7.6
user828,Fruit Crush - Trái Cây Tươi & Ăn Vặt - Quận 1,3.0
user828,Jeju Quán - Món Ăn Hàn Quốc,6.6
user829,Gà Nướng Lu Việt Hương - Lê Quang Định,7.4
user830,Cháo Sườn Bé Hiền - Súp Cua & Bún Bò,9.8
user831,The Pizza Company - Đường D2,8.0
user832,"Cơm Gà, Cháo, Miến Gỏi Gà Ta Tường Vy - Lữ Gia",9.4
user833,Cơm Tấm Kiều Giang - Trần Quang Khải,5.2
user834,Chị Hà - Bánh Tráng Trộn & Bánh Mì Nướng Muối Ớt,4.4
user835,"Cơm Gà, Cháo, Miến Gỏi Gà Ta Tường Vy - Lữ Gia",9.6
user836,Kebab Sài Gòn - Nguyễn Thượng Hiền,7.8
user837,Moon Fast Food - Món Hàn - Trường Chinh,7.4
user838,Fruit Crush - Trái Cây Tươi & Ăn Vặt - Quận 1,9.8
user839,A Tùng - Bánh Mì Bò Nướng Bơ Cambodia - Lê Hồng Phong,7.4
user840,A Tùng - Bánh Mì Bò Nướng Bơ Cambodia - Lê Hồng Phong,1.2
user841,SteakZone,5.0
user842,A Tùng - Bánh Mì Bò Nướng Bơ Cambodia - Lê Hồng Phong,6.8
user843,Phi Phi Quán - Cơm Gà Xối Mỡ,8.4
user844,Ốc Tô - Xóm Chiếu,7.4
user845,Buzza Pizza - Nowzone,7.6
user845,Quán Nem - Nem Cua Biển & Bún Chả - Nguyễn Thị Minh Khai,8.0
user846,Kebaby - Doner Kebab,7.4
user847,A Tùng - Bánh Mì Bò Nướng Bơ Cambodia - Lê Hồng Phong,2.4
user848,A Tùng - Bánh Mì Bò Nướng Bơ Cambodia - Lê Hồng Phong,8.8
user849,Chè HongKong - 港式糖水 - Phan Phú Tiên,10.0
user850,Gà Rán Popeyes - Tùng Thiện Vương,4.2
user851,Trà Sữa Tiên Hưởng Cotcha - Tản Đà,10.0
user852,Phá Lấu Rubi - Nguyễn Hồng Đào,3.8
user853,Trà Sữa Wozzi,3.4
user854,KOI Thé - Võ Văn Ngân,4.2
user855,"Cơm Gà, Cháo, Miến Gỏi Gà Ta Tường Vy - Lữ Gia",9.4
user856,Cá Viên Chiên 176 - Trần Thiện Chánh,8.6
user857,Cơm Tấm Tú Mập - Đồng Đen,1.0
user858,Phá Lấu Rubi - Nguyễn Hồng Đào,8.2
user859,Pad Thái Tôm - Món Thái Ngon - Shop Online,8.8
user860,Pad Thái Tôm - Món Thái Ngon - Shop Online,9.2
user861,Trà Sữa Tiên Hưởng Cotcha - Tản Đà,9.4
user862,Cơm Tấm Kiều Giang - Trần Quang Khải,9.2
user863,Chị Mai - Bánh Tráng Trộn & Nước Cam,9.6
user864,Chè Hà Ký - Châu Văn Liêm,2.0
user865,Gà Nướng Anh Tư,8.4
user866,Gà Rán Popeyes - Điện Biên Phủ,7.4
user867,Bánh Cuốn Ba Miền - Trường Chinh,7.0
user867,Gà rán và Mì Ý - Jollibee - Pasteur,7.4
user867,Starbucks Coffee - Etown 5,7.4
user868,Gà Rán KFC - Co.op Mart Nguyễn Ảnh Thủ,7.6
user868,Gà Rán KFC - Co.op Mart Nguyễn Ảnh Thủ - 2 Miếng Gà Xốt Mắm Tỏi,7.6
user868,Gà Rán KFC - Co.op Mart Nguyễn Ảnh Thủ - COMBO 2 NGƯỜI 124K,7.6
user868,Gà Rán KFC - Co.op Mart Nguyễn Ảnh Thủ - COMBO ĐẬM VỊ,7.6
user868,Gà Rán KFC - Co.op Mart Nguyễn Ảnh Thủ - COMBO ĐẬM ĐÀ,7.6
user868,Gà Rán KFC - Co.op Mart Nguyễn Ảnh Thủ - Combo Cơm Trưa Gà Mắm Tỏi,7.6
user868,Gà Rán KFC - Co.op Mart Nguyễn Ảnh Thủ - Combo Cơm Trưa Gà Viên Nanban,7.6
user868,Gà Rán KFC - Co.op Mart Nguyễn Ảnh Thủ - Combo Cơm Trưa Phi-lê Gà Quay,7.6
user868,Gà Rán KFC - Co.op Mart Nguyễn Ảnh Thủ - Combo Trưa Burger Tôm,7.6
user868,Gà Rán KFC - Co.op Mart Nguyễn Ảnh Thủ - Combo Trưa Mì Ý,7.6
user869,Cơm Tấm Kiều Giang - Trần Quang Khải,8.0
user870,Cháo Sườn Bé Hiền - Súp Cua & Bún Bò,8.2
user871,Pad Thái Tôm - Món Thái Ngon - Shop Online,9.6
user872,"Thiên Ân Quán - Cơm, Bún Riêu & Bún Mắm",1.0
user873,The Pizza Company - Đường D2,10.0
user874,SOI THÁI - Cống Quỳnh,1.0
user875,Cô Thúy - Hột Vịt Lộn,6.0
user875,Cơm Tấm Cô Hoa - Ngô Quyền,6.699999999999999
